;ALLG-72;AMERICAN EXPERIENCE;AT2000 (Suavizada 10%)_FEM;AT2000 (Suavizada 10%)_MAS;AT-2000 FEMALE;AT-2000 MALE;AT-49 FEMALE;AT-49 MALE;AT-50;AT-55;AT-71;AT-83 FEMALE (Basic);AT-83 FEMALE (IAM);AT-83 MALE (Basic);AT-83 MALE (IAM);BR-EMSmt-v,2010-f;BR-EMSmt-v,2010-m;BR-EMSsb-v,2010-f;BR-EMSsb-v,2010-m;BR-EMSmt-v,2015-f;BR-EMSmt-v,2015-m;BR-EMSsb-v,2015-f;BR-EMSsb-v,2015-m;BR-EMSmt-v,2021-f;BR-EMSmt-v,2021-m;BR-EMSsb-v,2021-f;BR-EMSsb-v,2021-m;CSG-60;CSO-41;CSO-58;CSO58 - FEM - AGE LAST;CSO58 - FEM - AGE NEAREST;CSO58 - MAS - AGE LAST;CSO58 - MAS - AGE NEAREST;CSO58 FEMALE;CSO58 MALE;CSO80;EB7-75;GAM-71 FEMALE;GAM-71 MALE;GAM-83 - FEMALE (suav 10%);GAM83_BÁSICA - FEMALE;GAM83_BÁSICA - MASC;GAM-83 - MASC (suav 10%);GAM-94 FEMALE;GAM-94MALE;GKF-95;GKM-70;GKM-80;GKM-95;GR-95 MALE;GR-95FEMALE;GRUPAL AMERICANA;HUNTER SEMITROPICAL;IBGE 2006              Ambos os Sexos;IBGE 2007                 Ambos os Sexos;IBGE 2008                 Ambos os Sexos;IBGE 2009                 Ambos os Sexos;Prudential-50;Rentiers Français;RP-2000 FEMALE;RP-2000MALE;SGB-51;SGB-71;SGB-75;UP-84 F;UP-84 M;UP84_MAS_&_FEM;UP-94 FEMALE;UP-94 MALE;USTP-61;X-17;BENTZIEN;Experiência CAP;GRUPAL AMERICANA,1;IAPC;IBA (FERROVIARIOS);MULLER;RP-2000 DISABLED FEMALE;RP-2000 DISABLED MALE;RRB-44;TASA/1927;WINKLEVOSS;ZIMMERMANN;ZIMMERMANN (FERR, ALEMAES);ALVARO VINDAS;GRUPO AMERICANA;HUNTER'S;IAPB-57 Forte;IAPB-57 FRACA;IBA (FERROVIARIOS),1;LIGHT FORTE;LIGHT MEDIA;MULLER,1;PRUDENTIAL (FERR, APOSENT,);RGPS-99/02 M,M;RRB-1944 Mod - Fem;RRB-1944 Mod - Masc;TASA-1927;WYATT 1985 ;ZIMMERMANN EMPR, ESCRIT;Atuários Ingleses;Hubbard Laffitte;J,P, Jansen;Kinkelin;Moser;Samuel Dumas
0;0;0;0;0;0;0;0;0;0;0;0;0;0;0;0;0;0;0;0;0;0;0;0;0;0;0;0;0;0;0;0;0;0;0;0;0;0;0;0;0;0;0;0;0;0;0;0;0;0;0;0;0;0;0;0;0;0;0;0;0;0;0;0;0;0;0;0;0;0;0;0;0;0;0;0;0;0;0;0;0;0;0;0;0;0;0;0;0;0;0;0;0;0;0;0;0;0;0;0;0;0;0;0;0;0;0;0
1;0;0;0;0;0;0;0;0;0;0;0;0;0;0;0;0;0;0;0;0;0;0;0;0;0;0;0;0;0;0;0;0;0;0;0;0;0;0;0;0;0;0;0;0;0;0;0;0;0;0;0;0;0;0;0;0;0;0;0;0;0;0;0;0;0;0;0;0;0;0;0;0;0;0;0;0;0;0;0;0;0;0;0;0;0;0;0;0;0;0;0;0;0;0;0;0;0;0;0;0;0;0;0;0;0;0;0
2;0;0;0;0;0;0;0;0;0;0;0;0;0;0;0;0;0;0;0;0;0;0;0;0;0;0;0;0;0;0;0;0;0;0;0;0;0;0;0;0;0;0;0;0;0;0;0;0;0;0;0;0;0;0;0;0;0;0;0;0;0;0;0;0;0;0;0;0;0;0;0;0;0;0;0;0;0;0;0;0;0;0;0;0;0;0;0;0;0;0;0;0;0;0;0;0;0;0;0;0;0;0;0;0;0;0;0
3;0;0;0;0;0;0;0;0;0;0;0;0;0;0;0;0;0;0;0;0;0;0;0;0;0;0;0;0;0;0;0;0;0;0;0;0;0;0;0;0;0;0;0;0;0;0;0;0;0;0;0;0;0;0;0;0;0;0;0;0;0;0;0;0;0;0;0;0;0;0;0;0;0;0;0;0;0;0;0;0;0;0;0;0;0;0;0;0;0;0;0;0;0;0;0;0;0;0;0;0;0;0;0;0;0;0;0
4;0;0;0;0;0;0;0;0;0;0;0;0;0;0;0;0;0;0;0;0;0;0;0;0;0;0;0;0;0;0;0;0;0;0;0;0;0;0;0;0;0;0;0;0;0;0;0;0;0;0;0;0;0;0;0;0;0;0;0;0;0;0;0;0;0;0;0;0;0;0;0;0;0;0;0;0;0;0;0;0;0;0;0;0;0;0;0;0;0;0;0;0;0;0;0;0;0;0;0;0;0;0;0;0;0;0;0
5;0;0;0;0;0;0;0;0;0;0;0;0;0;0;0;0;0;0;0;0;0;0;0;0;0;0;0;0;0;0;0;0;0;0;0;0;0;0;0;0;0;0;0;0;0;0;0;0;0;0;0;0;0;0;0;0;0;0;0;0;0;0;0;0;0;0;0;0;0;0;0;0;0;0;0;0;0;0;0;0;0;0;0;0;0;0;0;0;0;0;0;0;0;0;0;0;0;0;0;0;0;0;0;0;0;0;0
6;0;0;0;0;0;0;0;0;0;0;0;0;0;0;0;0;0;0;0;0;0;0;0;0;0;0;0;0;0;0;0;0;0;0;0;0;0;0;0;0;0;0;0;0;0;0;0;0;0;0;0;0;0;0;0;0;0;0;0;0;0;0;0;0;0;0;0;0;0;0;0;0;0;0;0;0;0;0;0;0;0;0;0;0;0;0;0;0;0;0;0;0;0;0;0;0;0;0;0;0;0;0;0;0;0;0;0
7;0;0;0;0;0;0;0;0;0;0;0;0;0;0;0;0;0;0;0;0;0;0;0;0;0;0;0;0;0;0;0;0;0;0;0;0;0;0;0;0;0;0;0;0;0;0;0;0;0;0;0;0;0;0;0;0;0;0;0;0;0;0;0;0;0;0;0;0;0;0;0;0;0;0;0;0;0;0;0;0;0;0;0;0;0;0;0;0;0;0;0;0;0;0;0;0;0;0;0;0;0;0;0;0;0;0;0
8;0;0;0;0;0;0;0;0;0;0;0;0;0;0;0;0;0;0;0;0;0;0;0;0;0;0;0;0;0;0;0;0;0;0;0;0;0;0;0;0;0;0;0;0;0;0;0;0;0;0;0;0;0;0;0;0;0;0;0;0;0;0;0;0;0;0;0;0;0;0;0;0;0;0;0;0;0;0;0;0;0;0;0;0;0;0;0;0;0;0;0;0;0;0;0;0;0;0;0;0;0;0;0;0;0;0;0
9;0;0;0;0;0;0;0;0;0;0;0;0;0;0;0;0;0;0;0;0;0;0;0;0;0;0;0;0;0;0;0;0;0;0;0;0;0;0;0;0;0;0;0;0;0;0;0;0;0;0;0;0;0;0;0;0;0;0;0;0;0;0;0;0;0;0;0;0;0;0;0;0;0;0;0;0;0;0;0;0;0;0;0;0;0;0;0;0;0;0;0;0;0;0;0;0;0;0;0;0;0;0;0;0;0;0;0
10;0;0;0;0;0;0;0;0;0;0;0;0;0;0;0;0;0;0;0;0;0;0;0;0;0;0;0;0;0;0;0;0;0;0;0;0;0;0;0;0;0;0;0;0;0;0;0;0;0;0;0;0;0;0;0;0;0;0;0;0;0;0;0;0;0;0;0;0;0;0;0;0;0;0;0;0;0;0;0;0;0;0;0;0;0;0;0;0;0;0;0;0;0;0;0;0;0;0;0;0;0;0;0;0;0;0;0
11;0;0;0;0;0;0;0;0;0;0;0;0;0;0;0;0;0;0;0;0;0;0;0;0;0;0;0;0;0;0;0;0;0;0;0;0;0;0;0;0;0;0;0;0;0;0;0;0;0;0;0;0;0;0;0;0;0;0;0;0;0;0;0;0;0;0;0;0;0;0;0;0;0;0;0;0;0;0;0;0;0;0;0;0;0;0;0;0;0;0;0;0;0;0;0;0;0;0;0;0;0;0;0;0;0;0;0
12;0;0;0;0;0;0;0;0;0;0;0;0;0;0;0;0;0;0;0;0;0;0;0;0;0;0;0;0;0;0;0;0;0;0;0;0;0;0;0;0;0;0;0;0;0;0;0;0;0;0;0;0;0;0;0;0;0;0;0;0;0;0;0;0;0;0;0;0;0;0;0;0;0;0;0;0;0;0;0;0;0;0;0;0;0;0;0;0;0;0;0;0;0;0;0;0;0;0;0;0;0;0;0;0;0;0;0
13;0;0;0;0;0;0;0;0;0;0;0;0;0;0;0;0;0;0;0;0;0;0;0;0;0;0;0;0;0;0;0;0;0;0;0;0;0;0;0;0;0;0;0;0;0;0;0;0;0;0;0;0;0;0;0;0;0;0;0;0;0;0;0;0;0;0;0;0;0;0;0;0;0;0;0;0;0;0;0;0;0;0;0;0;0;0;0;0;0;0;0;0;0;0;0;0;0;0;0;0;0;0;0;0;0;0;0
14;0;0;0;0;0;0;0;0;0;0;0;0;0;0;0;0;0;0;0;0;0;0;0;0;0;0;0;0;0;0;0;0;0;0;0;0;0;0;0;0;0;0;0;0;0;0;0;0;0;0;0;0;0;0;0;0;0;0;0;0;0;0;0;0;0;0;0;0;0;0;0;0;0;0;0;0;0;0;0;0;0;0;0;0;0;0;0;0;0;0;0;0;0;0;0;0;0;0;0;0;0;0;0;0;0;0;0
15;0;0;0;0;0;0;0;0;0;0;0;0;0;0;0;0;0;0;0;0;0;0;0;0;0;0;0;0;0;0;0;0;0;0;0;0;0;0;0;0;0;0;0;0;0;0;0;0;0;0;0;0;0;0;0;0;0;0;0;0;0;0;0;0;0;0;0;0;0;0;0;0;0;0;0;0;0;0;0;0;0;0;0;0;0;0;0;0;0;0;0;0;0;0;0;0;0;0;0;0;0;0;0;0;0;0;0
16;0;0;0;0;0;0;0;0;0;0;0;0;0;0;0;0;0;0;0;0;0;0;0;0;0;0;0;0;0;0;0;0;0;0;0;0;0;0;0;0;0;0;0;0;0;0;0;0;0;0;0;0;0;0;0;0;0;0;0;0;0;0;0;0;0;0;0;0;0;0;0;0;0;0;0;0;0;0;0;0;0;0;0;0;0;0;0;0;0;0;0;0;0;0;0;0;0;0;0;0;0;0;0;0;0;0;0
17;0;0;0;0;0;0;0;0;0;0;0;0;0;0;0;0;0;0;0;0;0;0;0;0;0;0;0;0;0;0;0;0;0;0;0;0;0;0;0;0;0;0;0;0;0;0;0;0;0;0;0;0;0;0;0;0;0;0;0;0;0;0;0;0;0;0;0;0;0;0;0;0;0;0;0;0;0;0;0;0;0;0;0;0;0;0;0;0;0;0;0;0;0;0;0;0;0;0;0;0;0;0;0;0;0;0;0
18;0;0;0;0;0;0;0;0;0;0;0;0;0;0;0;0;0;0;0;0;0;0;0;0;0;0;0;0;0;0;0;0;0;0;0;0;0;0;0;0;0;0;0;0;0;0;0;0;0;0;0;0;0;0;0;0;0;0;0;0;0;0;0;0;0;0;0;0;0;0;0;0;0;0;0;0;0;0;0;0;0;0;0;0;0;0;0;0;0;0;0;0;0;0;0;0;0;0;0;0;0;0;0;0;0;0;0
19;0;0;0;0;0;0;0;0;0;0;0;0;0;0;0;0;0;0;0;0;0;0;0;0;0;0;0;0;0;0;0;0;0;0;0;0;0;0;0;0;0;0;0;0;0;0;0;0;0;0;0;0;0;0;0;0;0;0;0;0;0;0;0;0;0;0;0;0;0;0;0;0;0;0;0;0;0;0;0;0;0;0;0;0;0;0;0;0;0;0;0;0;0;0;0;0;0;0;0;0;0;0;0;0;0;0;0
20;0;0;0;0;0;0;0;0;0;0;0;0;0;0;0;0;0;0;0;0;0;0;0;0;0;0;0;0;0;0;0;0;0;0;0;0;0;0;0;0;0;0;0;0;0;0;0;0;0;0;0;0;0;0;0;0;0;0;0;0;0;0;0;0;0;0;0;0;0;0;0;0;0;0;0;0;0;0;0;0;0;0;0;0;0;0;0;0;0;0;0;0;0;0;0;0;0;0;0;0;0;0;0;0;0;0;0
21;0;0;0;0;0;0;0;0;0;0;0;0;0;0;0;0;0;0;0;0;0;0;0;0;0;0;0;0;0;0;0;0;0;0;0;0;0;0;0;0;0;0;0;0;0;0;0;0;0;0;0;0;0;0;0;0;0;0;0;0;0;0;0;0;0;0;0;0;0;0;0;0;0;0;0;0;0;0;0;0;0;0;0;0;0;0;0;0;0;0;0;0;0;0;0;0;0;0;0;0;0;0;0;0;0;0;0
22;890,8582629;124,4301603;3556,719142;1843,018992;3203,128517;1667,449681;2373,297333;1481,680199;1481,680199;1673,042473;1849,852392;3074,923402;3410,969576;1650,893167;1829,502378;2775,778138;817,6733511;3446,276152;1121,596396;2566,713464;859,030953;3666,378849;1309,820256;2326,267454;1000,384666;3010,856188;1138,899585;456,7177763;384,1029761;535,6362686;564,6061051;572,7143837;531,3636542;535,6362686;1248,0008;1121,596396;527,1024191;734,378383;3422,657826;1836,235838;4714,981344;4235,288372;2205,505972;2448,9808;3458,207901;1796,561707;2765,783367;767,2320692;856,8125694;681,0615733;769,6062343;2730,240803;421,7311736;108,2626532;567,5436789;577,1099349;592,4083159;610,9920007;1510,859965;144,8496881;5152,639369;2730,240803;328,3631195;511,8765606;566,8299719;738,193801;868,3231681;818,3457637;3213,434395;1670,241401;785,4028448;655,8962568;8,448566874;5,169622844;3,676505495;8,599401681;8,698753871;8,1;132,2356379;42,3272097;36,48753846;19998,00005;112,6876191;8,698753871;8,698753871;1755,469813;2171,913503;233,8532966;11,80906374;755,5770776;167,4974254;1958,784824;3701,703974;1134,364516;0;9088,909201;553,5573556;831,3345333;1921,077443;2939,176811;3844,154106;3,595808723;2,821202433;2,817391304;3,778571429;3,161612903;5,113472023
23;2558,106074;370,9083021;10061,11499;5294,355055;9084,910081;4778,690876;6720,458737;4267,50638;4267,50638;4817,152991;5257,159605;8689,653209;9640,303184;4740,837339;5257,159605;8565,429621;2394,00375;10338,82846;3254,872325;7494,0012;2703,785635;10446,96253;3831,791778;6965,865172;2921,183605;9030,689953;3356,307873;1351,472693;1113,411025;1581,307257;1651,463994;1669,983024;1572,953068;1581,307257;3565,431091;3290,706027;1606,908806;2199,886433;9702,738791;5294,355055;13327,33401;11994,00075;6363,428165;7069,47297;10267,97348;5087,380375;7666,635444;2275,372766;2543,723061;2100,745845;2307,03396;7588,937894;1254,511342;321,8963025;1644,706175;1673,550403;1719,642666;1774,436335;4354,46718;447,1920654;15222,42699;8036,896561;959,2602893;1535,629682;1632,454428;2282,333452;2651,222165;2564,697588;9578,665476;4733,338392;2337,75384;1942,056568;26,64055955;16,12461917;12,05685965;26,43424084;27,42067127;24,3;396,7069138;126,9816291;109,4626154;59994,00015;330,7270667;27,42067127;27,42067127;5257,159605;6116,45045;708,2983143;39,31228195;2199,886433;520,3328895;4994,0018;9369,00096;3254,872325;0;21422,57185;1660,672067;2494,0036;5448,547105;8327,334413;9994,0009;10,70631005;9,6;8,566551724;11,13249548;9,254754098;15,66372881
24;4375,970612;614,2597753;15913,56845;8435,948906;14316,64931;7600,353361;10560,82689;6811,286066;6811,286066;7694,163492;8464,579221;13651,20402;15141,5168;7554,299825;8379,264725;14275,71604;3927,014224;17231,38076;5366,348736;12552,81606;4636,845529;17399,47219;6457,472498;11587,05558;4795,923017;15056,68681;5576,577928;2222,154057;1795,068002;2607,810597;2700,183218;2722,249587;2594,311907;2607,810597;5737,130787;5424,787209;2737,261847;3636,979867;15280,52151;8450,239842;20910,50329;18857,92585;10131,99029;11251,26348;17172,13204;8002,823633;11858,02964;3749,405146;4195,927882;3592,312416;3842,086613;11754,70801;2064,700847;532,934215;2689,653339;2739,907482;2819,565936;2910,453309;6953,791891;770,0632512;24865,6229;13287,87422;1553,493163;2555,427908;2606,440743;3936,336248;4506,717369;4341,615841;15964,44246;7441,568184;3927,014224;3174,721226;46,75030631;27,93247884;21,86090062;45,16159519;48,03768664;40,5;661,1781896;211,6360485;182,4376923;99990,00025;539,4960495;48,03768664;48,03768664;8731,261601;9605,387215;1194,840027;70,95516129;3613,195306;882,8851429;7132,860643;13503,51536;5198,338133;0;27767,77868;2767,786778;4156,672667;8610,692555;12490,002;14695,88405;17,84385008;17,32768764;14,51609808;18,26407678;15,08950104;26,64541029
25;7126,866103;976,6203113;24153,18694;12971,01792;21782,36806;11645,81307;15952,06788;10400,67281;10400,67281;11766,03783;12887,23077;20602,55981;22906,6389;11544,69918;12845,74131;22841,14566;6283,222758;27570,20922;8586,157978;20386,96157;7561,918837;27732,87501;10588,45991;18450,71261;7623,391306;24073,49512;9008,636433;3523,841089;2761,800818;4129,09316;4250,909234;4285,090149;4097,1261;4129,09316;8972,771165;8586,157978;4503,788171;5772,723068;23038,75782;12908,07603;31604,55538;28453,75314;15517,9847;17225,38302;27475,41126;12086,87972;17706,64428;5931,96615;6645,125345;5879,368262;6142,593918;17605,14901;3262,708045;845,2153318;4246,625949;4331,240703;4464,358733;4609,935767;10636,46939;1266,101202;38631,34465;21260,59875;2410,474662;4080,277785;3986,016993;6546,76611;7370,896937;7069,925772;25543,10794;11235,76378;6333,216429;5015,459261;78,90770412;46,43641523;38,18813245;74,10147486;80,93435475;64,8;1057,885103;338,6176776;291,9003077;159984,0004;844,2894538;80,93435475;80,93435475;13897,04808;14798,81913;1925,780533;116,4980013;5739,406803;1438,589455;9740,104121;18165,8217;7984,008;0;36347,63812;4428,458844;6650,676267;13098,75898;18588,6546;21036,63462;28,76646978;29,05242878;23,60776371;28,99058824;24,44948454;43,65289617
26;3595,608044;484,03744;11519,37891;6251,783464;10381,61193;5594,243752;7524,958809;4954,78238;4954,78238;5609,980376;6145,848754;9748,099201;10861,56669;5516,864774;6145,848754;11103,11255;3141,611379;13785,10461;4293,078989;9999,507228;3804,796113;13808,92689;5417,203003;9136,551941;3808,321046;11992,73338;4590,84641;1746,395085;1329,804602;2032,824167;2097,270758;2108,409676;2017,324356;2032,824167;4387,608036;4202,530116;2304,145648;2845,072655;10861,56669;6145,848754;14917,37421;13414,81998;7372,075969;8188,723263;13597,44335;5739,129221;8292,479205;2933,181911;3289,070464;2992,75552;3068,928277;8256,464746;1598,435663;418,0226505;2089,737726;2133,785693;2202,183998;2274,880096;5074,59527;626,9458349;18683,58964;10574,01209;1166,067047;2020,405454;1900,405331;3419,596785;3772,722568;3605,373895;12650,22911;5332,456935;3192,005;2461,142282;41,70671605;24,11632071;20,93279433;37,96083421;42,63246541;32,4;528,9425517;169,3088388;145,9501538;79992,0002;412,6479243;42,63246541;42,63246541;6900,465183;7134,859383;970,01147;59,24047504;2849,148457;732,7623407;4202,530116;7835,139295;3913,572707;0;14806,81589;2214,229422;3325,338133;6341,208869;8502,640178;9294,327301;14,46437703;14,8510658;12,07160083;14,41800738;12,33967213;21,15944056
27;10690,29915;1439,513034;33125,17561;18185,4161;29752,67977;16236,17146;21290,39397;14110,28581;14110,28581;15997,3708;17623,06698;27818,23255;30983,75658;15849,02495;17701,26662;32408,43687;9499,824644;39976,0036;13019,4893;29045,7724;11544,50758;40271,50391;16418,86982;26971,05174;11451,01951;35699,85863;14096,5312;5193,418904;3834,55822;6006,174634;6226,348577;6258,745433;5946,47041;6006,174634;13019,4893;12347,14566;6993,56438;8468,585958;30745,23545;17519,86786;42229,52453;38071,24188;21028,63842;23367,81902;39711,10296;16482,19855;23372,37972;8703,289227;9768,735449;9108,435859;9199,689709;23322,30967;4700,439929;1241,936545;6145,584474;6245,43529;6488,813232;6705,11914;14468,76356;1856,954303;53787,66187;31389,61715;3378,367246;6042,757811;5420,672546;10419,87802;11056,34541;11056,34541;37013,04093;15321,27793;9499,824644;7204,935583;132,969614;75,12111925;68,49309091;116,5668837;135,4288756;97,2;1586,827655;507,9265163;437,8504615;239976,0006;1209,415835;135,4288756;135,4288756;20559,19739;20665,66213;2924,451788;180,7872327;8486,655218;2240,214543;10985,18739;20665,66213;11404,58403;0;36339,64032;6642,688267;9976,0144;18437,54626;23505,41788;24465,8018;43,63662351;44,69250216;37,59407708;43,1381146;38,16963855;68,66102767
28;26026,99102;3572,209059;79727,24532;44384,46469;71539,05792;39517,85915;50107,24202;33422,16974;33422,16974;37866,69882;41606,68827;66311,69498;74014,08622;38011,08963;42553,65748;76863,08862;23749,56161;93690,0096;32548,72325;69112,25189;29256,94656;95359,85676;41273,72252;65858,43302;28708,04126;88090,78329;36152,88404;12815,60638;9170,866731;14718,38602;15364,22287;15484,09935;14539,31222;14718,38602;32198,09242;29940,03;17587,10982;20601,20058;72403,78054;41491,2682;99277,7574;89492,24886;49773,9051;55290,56977;95481,41069;39727,82103;55006,09564;21522,77551;24180,50254;22981,51371;22963,83034;54885,07133;11478,53954;3071,811408;14951,33342;15247,16527;15804,98904;16335,28935;34304,28736;4584,156648;127599,5815;76275,88965;8134,592212;14776,85591;12859,9663;26512,22165;26942,7336;28295,41926;88697,40659;36931,39301;23016,96208;17587,10982;353,7096337;194,9271799;187,592439;298,4008861;358,8266667;243;3967,069138;1269,816291;1094,626154;749940,0012;2952,346993;358,8266667;358,8266667;50873,80375;49940,018;7347,528907;458,9813793;20773,37653;5600,536358;24133,58559;45394,56525;27977,41528;0;78887,37982;16606,72067;24940,036;45394,56525;54485,47105;55495,57176;110,7156344;111,9344316;96;108,1350554;99,17084149;176,075969
29;14372,79972;2004,511085;43667,8061;24711,28097;39046,46717;21929,83745;26695,57056;17917,44165;17917,44165;20228,23119;22334,43397;35906,81142;40155,13249;20723,03468;23221,82638;41429,4216;13566,02125;51481,15713;18647,33415;37222,19886;16357,87955;50925,23829;23652,78941;36169,03456;16284,17963;48979,25389;20974,54693;7169,429951;4966,0578;8139,112283;8573,628512;8639,502708;8042,428961;8139,112283;17860,75299;16312,17153;9907,549538;11514,93807;38602,37112;22246,48479;53091,00544;47718,81504;26695,57056;29686,28944;51325,52224;21788,86305;29377,77453;12065,66801;13568,19759;13073,19244;13002,83198;29377,77453;6285,748332;1716,93747;8196,830488;8352,531608;8669,458361;8961,259895;18404,19355;2565,499559;68514,39131;41228,14293;4430,35045;8295,285064;6899,157508;15322,83905;14865,23062;15663,15599;47718,81504;20252,41043;12466,02312;9625,120829;213,1949605;114,6048808;117,060807;172,9681733;215,3396825;137,7;2248,005845;719,5625648;620,2881538;424966,0007;1631,20785;215,3396825;215,3396825;28489,50006;27834,86283;4173,989472;263,6582187;11690,16258;3235,319169;11937,85513;22334,43397;15420,56415;0;37743,78543;9410,475044;14132,68707;25339,14572;28779,56935;25723,58698;63,89014106;63,51175522;55,70645669;61,605;58,48809524;102,4518987
30;30007,34632;4315,398505;91965,81587;53240,14672;82148,23887;47119,90656;54578,9054;36778,62679;36778,62679;41359,4037;45605,04232;74976,72818;83826,24307;43455,44321;48674,38118;84016,92537;29291,12599;105640,2987;40143,42534;76721,36859;35027,07306;106247,852;51236,52453;75708,26495;35343,54888;103871,4446;46508,27727;15342,75547;10319,39015;17296,97083;18334,95043;18519,03845;17055,70955;17296,97083;38070,36579;34185,29922;21313,34725;24268,1615;78817,27535;45661,50583;108113,1472;97294,43511;54822,16737;60881,5414;105339,1184;46118,28931;60324,32498;25909,19876;29244,58869;28387,58656;28256,82933;60383,53898;13140,38931;3686,526682;17226,63181;17669,19139;18230,18421;18843,25295;37835,87218;5498,534837;140077,5249;83259,34976;9243,699181;17553,5193;14184,28484;34090,39834;31469,0954;33229,37144;98069,25002;42849,46577;25800,17878;20255,73767;483,1905387;258,6917563;278,9786038;385,2275804;492,4515902;299,7;4892,718603;1566,106759;1350,038923;924926,0015;3456,922111;492,4515902;492,4515902;61083,04718;60581,76027;9061,952319;582,9577566;24926,05476;7041,577015;22487,03629;41971,48711;32961,75573;369926,0037;69737,34036;20481,62216;30759,37773;54337,78987;57738,52368;46761,47227;141,8137256;138,4462834;124,0905426;124,8028571;133,0091867;229,1748823
31;26494,54352;3927,588987;82057,61794;48572,93936;73366,14101;43024,54901;47088,75128;31797,07845;31797,07845;35608,84248;39466,91296;66208,82056;73845,05912;38524,53847;43189,02418;72272,44151;26703,69672;91823,90447;36491,1714;66887,51155;31521,74207;95036,90726;46240,93262;66433,86379;32210,43511;92411,27267;43198,27192;13809,63432;9047,408321;15457,18862;16477,88718;16680,83749;15248,0807;15457,18862;33932,034;30020,534;19033,18412;21615,72678;68068,28951;39466,91296;93338,60578;84090,42958;47351,82912;52645,20022;91084,8277;41344,939;52304,17241;23014,19536;26579,8998;25886,24301;25787,55802;52401,15783;11536,19518;3339,152947;15252,42164;15576,87434;16177,1618;16719,05046;32750,56804;4969,266537;110681,1961;68068,28951;8122,938532;15694,70662;12282,25706;32068,14183;28077,73644;29730,46123;84720,04356;38437,12628;22448,60763;17921,48225;455,6891926;246,4334784;275,4;361,8420784;465,426;293,1247368;4496,011689;1439,12513;1240,576308;849932,0014;3089,283543;465,426;465,426;55216,57376;54770,73076;8306,522276;543,2161964;22598,71767;6470,638338;18716,59193;34625,91087;29497,25649;113265,3435;54770,73076;18613,38056;28031,21469;49207,38578;49932,02312;39932,0289;133,4460153;127,4512254;117,3038783;126,1682821;128,8006061;215,2812911
32;34980,68985;5365,173543;110494,2553;67048,89004;98645,51817;59475,11186;60944,99723;41279,29283;41279,29283;45984,47931;50992,99976;87921,00637;98027,10811;51384,68475;57645,596;93906,0235;36340,16916;117406,0188;49906,04418;87331,62051;42520,97613;127450,115;61919,49386;87100,01155;43867,72689;122832,934;59820,62671;18631,21757;11895,98016;20794,99464;22234,95066;22502,25161;20475,03518;20794,99464;45098,35657;39736,56393;25589,14612;28829,1533;88086,13762;51216,08672;121040,0389;108954,7442;61504,98737;68319,42385;118293,928;55925,10975;68249,78687;30584,92318;36079,38516;35244,40837;35191,34789;68319,42385;15215,59054;4541,585061;20299,86401;20888,97879;21520,43535;22237,3271;42555,77956;6747,662046;134191,7307;83535,91965;10713,28649;21020,21064;15963,53422;43304,01951;36143,53205;39974,25632;109976,2777;52012,47255;29281,0752;23885,68396;641,1046274;352,9880949;405,2018421;511,4632736;643,383;432,4522222;6215,074982;1989,378856;1714,914308;1174906,002;4148,398016;643,383;643,383;74746,79385;74509,20421;11425,7996;763,1304545;30425,5529;8774,173628;22945,31157;42633,32443;39736,56393;117406,0188;65183,81162;25589,14612;38430,6475;67048,89004;62572,70192;43831,28393;189,3948467;176,5009813;163,9679245;177,5928571;188,0717496;307,7853262
33;23338,30185;3718,69143;75622,08778;47009,62941;67556,96692;41706,17797;40080,01253;27139,3162;27139,3162;30071,02244;33607,50173;59393,47777;66066,281;34854,66611;39079,93529;61045,12893;24378,48899;78505,44243;33267,366;57275,46122;28810,48153;86073,40184;41490,50524;57661,54842;30122,24584;82362,09471;41649,46613;12626,39349;7943,844698;14158,21449;15211,84906;15427,02804;13917,12873;14158,21449;30489,5912;26546,94415;17211,54994;19232,30204;57930,50384;33676,36356;79644,15859;71673,14561;40424,82444;44893,15229;78133,06606;38849,12232;45220,15002;20520,4534;24568,26338;24216,60555;24198,75076;45326,046;10119,29211;3132,014979;13681,83375;14021,0434;14487,94576;14967,38489;28019,14516;4655,260713;83690,35818;52231,9606;7158,31887;14078,95483;10517,8104;29637,00696;23539,19635;27251,92066;72621,23965;36118,24062;19345,82081;16110,53791;457,4159142;256,6881145;295,7316522;366,2219;451,737;325,0402941;4363,776051;1396,79792;1204,088769;824934,0013;2826,576355;451,737;451,737;51255,94968;52314,97317;7963,33271;543,5267066;20820,12809;6045,289311;14407,75945;26546,94415;27206,7672;65934,0165;39693,06353;17675,99686;26546,94415;47076,88024;40674,76747;25124,88292;136,1207012;124,1817421;121,5;127,2498592;139,1045455;222,2883063
34;30574,73567;5117,919204;102357,9093;65435,09782;91908,023;58062,27153;52240,23611;35374,52073;35374,52073;38924,16959;43717,57211;79492,80167;88199,77061;46846,82059;52419,45582;80609,78061;32302,43152;102130,2429;44568,24155;74389,89369;39063,65499;112021,1069;54702,55916;75396,94183;40746,88137;108965,2199;56924,89055;16882,2944;10482,91274;19074,77707;20629,75624;20912,66695;18646,14706;19074,77707;40616,01658;35022,56408;22908,092;25030,9679;75565,9227;43885,10357;103745,4922;93403,95759;52660,33369;58506,76222;102357,9093;54089,42892;59447,25376;27143,12802;32805,15364;32835,76648;32859,35361;59570,81108;13358,44972;4281,107494;18369,25793;18780,1083;19294,81492;19927,5681;36561,44418;6350,905471;105655,1464;65435,09782;9471,630823;18389,43229;13721,96699;40223,56519;30311,2421;35374,52073;95343,70682;50291,39359;25322,4479;21403,42554;648,0498872;370,3843377;423,2511111;521,5479756;630,8142044;486,68;6082,839344;1947,051646;1678,426769;1149908,002;3816,782711;630,8142044;630,8142044;69605,00006;72923,902;10965,88367;768,6745552;28303,13625;8271,889364;17947,33299;33001,58912;37004,83123;76574,69427;48329,09633;24246,71128;36415,99447;64696,76505;51019,15251;30574,73567;194,7535024;173,5025664;178,2701754;181,8384775;203,7565231;319,389513
35;24611,42282;4389,631743;86313,10707;56738,20998;77589,92351;50425,08219;42382,88269;28676,34608;28676,34608;31341,8891;35634,33051;66035,72668;73314,51721;39020,72518;43540,53832;64436,15383;26765,69718;85026,40178;36617,29131;60188,22001;32969,70552;87870,76577;45364,25243;61224,58716;34112,02621;89424,29842;48039,87089;13955,20172;8634,78055;15856,35538;17425,56186;17697,86778;15454,08358;15856,35538;33818,35228;28288,85073;18877,43037;20307,43832;61363,95845;35570,66877;83953,63249;75534,38789;41804,85495;46431,66231;83602,02749;46923,5593;48742,19804;22266,44032;27003,81559;27601,7187;27620,88878;48879,641;10939,42895;3648,294997;15211,36686;15497,56104;15981,05416;16500,63418;29681,95852;5407,26005;84130,54532;51666,47335;7798,871585;14946,4025;11149,78875;34020,64368;24265,77479;28532,35921;77741,03223;43635,88359;20538,6343;17697,86778;571,8146494;333,2072713;372,9982022;462,7750661;548,5340908;456,3333333;5289,425517;1693,088388;1459,501538;1333253,335;3209,960084;548,5340908;548,5340908;58657,17849;62420,0256;9421,356048;674,0076992;23729,59101;7063,081143;13857,39703;25397,76981;30927,80354;49920,032;36617,29131;20753,41013;31170,0512;56258,05657;40736,36573;22019,51991;174,25682;151,4139397;163,1681895;162,779661;185,3728395;284,8395117
36;10191,30441;1944,36164;37386,04608;24998,78346;33671,87478;22634,03948;17785,80036;12012,21966;12012,21966;13026,43409;14964,0216;28265,89824;31322,89535;16677,11131;18559,05875;27236,73915;11428,99641;35258,12683;15616,19461;25521,3036;14254,27355;36021,70129;19524,98157;25633,52338;14670,31289;37777,78413;20771,41191;5924,319261;3667,791184;6782,229338;7591,161124;7722,66245;6581,939322;6782,229338;14480,15135;11728,73342;7999,754606;8375,253473;25751,97818;14914,18778;35820,58274;32222,07456;17821,161;19809,66131;35120,25922;20845,68605;20670,33107;9383,186674;11378,10575;11924,15998;11956,03235;20725,26128;4627,281915;1605,036111;6505,410374;6666,623432;6828,70064;7047,773432;12438,03845;2373,773014;34983,4645;21367,1067;3314,804068;6222,744397;4677,344469;14864,684;10008,67511;11860,92082;32691,28263;19381,49241;8576,477811;7495,423773;262,6096612;155,0332925;170,1294545;212,2257802;246,8403408;222,4028571;2380,241483;761,8897745;656,7756923;599964,0005;1395,069047;246,8403408;246,8403408;25532,19449;27656,31939;4169,684517;305,2168503;10368,65542;3067,552676;5696,540596;10429,14724;13396,85994;22464,0144;14480,15135;9194,804331;13810,17725;24964,01296;16630,68611;8220,919974;80,87135754;68,41513818;76,92599018;75,52507463;86,75865067;132,6238445
37;15125,30146;3084,196164;57481,69716;38660,31278;51913,34235;35178,9619;26670,14206;17988,09514;17988,09514;19340,03667;22249,73001;43032,65845;47717,96488;25247,44336;28042,80512;40787,09101;17411,92766;53645,71936;23908,97724;38639,6465;21514,60463;54279,65835;30429,83246;38304,39822;22429,49095;56868,60695;31842,33899;8976,361003;5573,217311;10299,22406;11755,17967;12025,40293;9925,216192;10299,22406;22079,44257;17203,95348;12025,40293;12356,45131;38608,68842;22335,85995;54046,49316;48681,51305;26969,05814;29962,73195;52573,59493;32489,72505;31409,04062;14074,61311;17000,87283;18354,74409;18401,62544;31498,06582;6998,080261;2522,397134;9944,032739;10116,63946;10410,74437;10736,27793;18639,65942;3728,122923;52288,58646;32021,67223;5032,563668;9242,92429;7013,564918;22301,32828;14829,12015;17592,68672;48845,89578;30213,42653;12661,36437;11270,19924;432,7584858;258,0871334;274,0974545;347,9819214;397,6872158;390,0388462;3834,8335;1227,489081;1058,138615;966608,6675;2168,011024;397,6872158;397,6872158;39559,50757;43881,41308;6578,282336;493,81293;16234,18645;4775,507333;8323,60323;15125,30146;20656,32631;32164,24832;20805,34966;14442,058;21746,54985;39131,21065;24311,78241;12282,49368;134,8482857;109,9154982;129,0204928;125,6301621;144,5997661;220,2658483
38;14770,60068;3232,659404;58208,69318;38882,74829;52480,39117;35488,48575;26501,87508;17826,10912;17826,10912;19026,72029;22080,90054;43173,72655;47925,63613;25100,37585;27765,68265;40727,49724;17551,69092;53386,29384;24156,78968;38731,66762;22020,96131;55513,49237;31327,25702;37877,58883;22611,40769;56564,60663;32130,10229;8923,614196;5615,824938;10237,09663;11976,91478;12288,67542;9843,199746;10237,09663;21923,85931;16427,41998;11953,58386;11958,2428;38351,90358;22128,45132;54039,2394;48603,63984;26801,1207;29774,41334;51777,48342;32951,87362;31713,348;13920,92845;16718,39721;18624,00682;18680,49384;31798,25627;7015,761351;2629,329342;10000,33533;10252,20101;10495,70323;10810,95892;18500,92602;3882,264016;51777,48342;32095,70623;5057,078093;9010,391558;6964,428703;22112,57839;14526,30117;17237,16269;48149,52849;30631,10062;12387,87639;11129,42161;476,1239799;284,8664916;297,0188391;378,6641187;425,1139203;456,5266667;4099,304776;1312,143501;1131,113692;1033271,334;2233,015405;425,1139203;425,1139203;40513,93991;45526,25637;6873,261613;528,9842122;16785,88313;4781,9484;8032,113508;14560,70723;21026,48094;30938,031;19683,2716;14986,60755;22565,7797;40727,49724;23602,16275;11770,14229;149,8722476;119,8081123;142,7562016;139,1273144;159,124907;242,5093004
39;8295,376653;1943,412658;33471,71095;21952,75716;30120,74213;20067,83806;15089,4124;10111,60822;10111,60822;10714,72175;12544,81015;24669,42683;27458,39518;14130,55643;15587,0231;23132,74729;10177,0891;30607,17307;13932,61408;21978,23888;12993,57777;32896,66168;18424,75398;21428,76031;12997,39539;32151,59771;18466,9389;5069,597562;3232,334142;5808,215596;6947,602617;7159,019857;5567,114852;5808,215596;12380,32972;9009,658948;6772,088852;6607,734629;21826,22825;12553,14862;30756,17704;27658,80604;15125,63115;16805,99306;29103,11668;18981,038;18401,46057;7855,689273;9363,790092;10775,92069;10819,17611;18444,5098;4030,611214;1566,95469;5764,152315;5895,114763;6049,957006;6223,022586;10500,02649;2310,732202;29282,99997;18571,22606;2906,489568;5013,919372;3957,884246;12519,86087;8127,063551;9715,630441;27066,15027;17636,43903;6921,75883;6253,448108;295,2546322;180,1421649;184,5642326;236,3109057;263,3606779;308,4995455;2512,47712;804,2169842;693,2632308;633295,3339;1318,440351;263,3606779;263,3606779;23682,36478;27104,87044;4101,520761;324,9022619;9909,680269;2797,948196;4485,889324;8081,70258;12220,09397;17234,74817;10696,49691;8882,228263;13342,30867;24012,64792;13248,74046;6446,697308;95,50022657;74,37010453;91,02144578;88,60858679;99,94853933;153,3357172
40;7623,337443;1902,941883;31160,69794;19899,05903;28027,00548;18178,70246;13984,16597;9344,754524;9344,754524;9832,166445;11618,47269;22936,62273;25568,4831;12834,65677;14130,55643;21552,92581;9557,997216;28749,89133;13156,4718;20149,01321;12330,21041;31798,47247;17420,44207;19745,00925;12132,07725;29725,40879;17205,497;4688,444539;3036,551077;5344,503331;6502,72785;6747,767486;5118,387857;5344,503331;11271,55573;8012,892298;6253,448108;5959,534939;20217,88136;11597,05858;28533,44121;25672,43353;13780,20794;15309,35793;26760,32095;17685,90097;17473,54135;7202,903515;8513,667023;10127,89961;10166,11701;17522,0945;3777,355664;1522,165739;5419,857026;5519,398211;5681,361175;5835,230081;9710,626051;2240,335918;26874,19472;17570,91763;2719,350491;4558,111444;3663,636588;11526,24302;7395,538392;8903,216846;24863,7183;16440,77299;6295,390333;5719,638458;303,5619921;185,7125881;187,1444118;240,27133;268,6480379;342,95;2512,47712;804,2169842;693,2632308;474962,0008;1269,016288;268,6480379;268,6480379;22473,86438;26350,90257;3979,003189;325,5910198;9606,707481;2638,191238;4083,562644;7297,956546;11547,39701;12628,69517;9462,038;8559,327058;12887,198;22853,58204;11987,34648;6013,015074;99,27810051;78,42791946;94,18001468;92,1358209;102,1843094;158,2272825
41;3303,0576;881,1909891;13659,81747;8432,71381;12277,08856;7687,489964;6129,55416;4036,074034;4036,074034;4269,774965;5009,949071;10049,12214;11217,96227;5466,475464;6014,18501;9455,692761;4247,421834;12658,06273;5864,366711;8627,54251;5459,799327;14372,79552;7765,457609;8604,863022;5342,342258;12980,31067;7561,570803;2041,535898;1347,764925;2325,78456;2857,703152;2972,060313;2229,339279;2325,78456;4769,250963;3378,250265;2717,59192;2542,486827;8866,510598;5012,759533;12551,83885;11288,53983;5895,285709;6551,355396;11700,75691;7767,477532;7884,372178;3116,822077;3652,944283;4486,522487;4504,630975;7904,545435;1676,963044;698,1035835;2395,203036;2460,649787;2523,205236;2588,30403;4221,303139;1026,161107;11609,91394;7862,920961;1202,570841;1953,131764;1603,963799;5004,337557;3175,779798;3849,661682;10877,89121;7222,558251;2709,302427;2482,0324;145,8352829;90,60888406;88,64735294;115,5487387;132,7895174;166,1144694;1190,120741;380,9448873;328,3878462;224982,0004;577,7680218;132,7895174;132,7895174;10060,3955;11824,1121;1822,534808;154,55483;4350,950579;1166,278926;1760,701666;3128,878887;5184,327709;4482,018;3929,388941;3895,064178;5864,366711;10326,83542;5154,429453;2794,5288;48,94170785;38,90103896;45,84496403;45,40434783;49,46282609;77,35714286
42;4071,5983;1146,854707;16759,22536;9967,688017;15051,38644;9053,171689;7556,562268;4812,789143;4812,789143;5216,202152;5976,024;12385,52556;13816,84085;6490,680084;7148,76365;11626,4978;5309,360333;15560,42482;7293,092851;10473,78294;6711,918094;17641,25178;9619,991465;10542,91931;6599,536211;15922,13239;9316,215873;2502,372789;1683,054488;2853,747882;3516,072538;3668,346692;2734,926574;2853,747882;5690,310914;4043,83201;3346,829237;3045,100628;10944,93452;5976,024;15459,88027;13913,29256;7047,322662;7834,564493;14521,46445;9560,679561;10050,73514;3785,56161;4400,648157;5570,431334;5596,634519;10077,02436;2096,209263;899,2329231;2986,358148;3059,856156;3146,547909;3225,300441;5080,239186;1319,892154;14060,51727;9852,55779;1493,737479;2352,298224;1973,74147;6136,187647;3853,258465;4670,866353;13489,52417;8891,320758;3290,960567;3029,482275;193,2712982;124,3176774;118,1964706;156,4423186;182,5315039;226,576;1586,827655;507,9265163;437,8504615;299976,0005;740,5196102;182,5315039;182,5315039;12620,90075;14976,0096;2338,265684;206,5114575;5583,502316;1439,513034;2149,979283;3785,56161;6497,76121;4776,03;4627,193751;4996,949182;7523,188891;13019,4893;6193,63974;3385,133149;67,72965677;53,62174326;62,89014085;63,12539326;67,48213618;106,3542061
43;2812,217299;837,607988;11505,69461;6589,941773;10350,67141;5962,07999;5229,828846;3191,725664;3191,725664;3583,463067;3964,321225;8569,795692;9536,148605;4311,02304;4754,021216;8090,118098;3732,0216;10825,38096;5124,872893;7197,018442;4723,850591;12046,34988;6646,2106;7258,436887;4572,730123;10964,99716;6438,128533;1719,498357;1180,46972;1968,795737;2424,499511;2531,606841;1887,006009;1968,795737;3795,580562;2725,931959;2307,616225;2059,12185;7570,543558;3964,321225;10670,84368;9607,676864;4706,426594;5229,828846;10244,26559;6638,816902;7230,722515;2580,183601;2977,53378;3878,124686;3896,766233;7251,801126;1472,120585;649,7771064;2090,956037;2148,710912;2202,004209;2256,729113;3387,245126;954,0055862;9587,131165;6910,418158;1041,398498;1599,300759;1364,12249;4217,313243;2621,326878;3175,779798;9526,016971;6171,834269;2249,038249;2084,842258;150,3928478;95,84426774;87,42516279;118,9576364;143,7925226;173,9123617;1190,120741;380,9448873;315,5763333;179982,0004;533,2798543;143,7925226;143,7925226;8857,748771;10696,29327;1686,592975;155,2136217;4017,894509;993,3160551;1474,591583;2583,187209;4597,402165;2982,027;3074,809695;3525,329947;5307,458997;9165,682289;4207,371283;2407,909401;52,71659627;41,88461538;48,8445679;49,46282609;51,84955439;82,35374322
44;2870,20801;903,4693342;11675,91498;6444,139581;10506,32529;5810,92094;5359,254738;3117,778968;3117,778968;3647,06064;3871,076284;8759,642645;9726,598954;4231,7242;4677,062154;8313,345333;3886,2756;11215,96396;5327,612283;7411,09022;4900,795836;12236,41213;6737,684753;7396,507469;4682,96013;11170,61062;6576,208102;1753,106045;1223,861495;2012,569525;2477,043644;2584,205067;1927,660655;2012,569525;3753,611406;2727,289147;2366,676745;2065,553685;7756,062627;3872,59089;10861,40201;9774,329505;4637,683324;5156,002757;10814,24542;6838,725142;7709,780271;2602,645001;2982,585474;3984,830737;4004,169719;7731,950884;1532,859431;694,9361831;2167,009714;2220,829511;2279,855748;2336,866543;3317,813672;1018,517899;9698,183273;7138,210105;1073,585162;1612,9809;1394,898071;4277,401869;2633,261357;3211,048721;10060,65508;6357,5667;2278,894075;2130,584134;171,3636947;109,3471703;97,13906977;133,7923568;163,6961832;197,8513043;1322,356379;423,272097;350,6403704;199980,0005;568,7514185;163,6961832;163,6961832;9171,187351;11215,96396;1791,649403;172,8276923;4253,527674;1021,762667;1502,135715;2604,710016;4810,938574;2837,177857;3038,136676;3616,391136;5444,499174;9595,395015;4253,527674;2378,123235;60,63976316;49,3140566;55,84228188;57,41406045;59,08534704;94,38105727
45;3431,495689;1139,019632;13818,52765;7394,1141;12438,05958;6647,536618;6412,857352;3560,254022;3560,254022;4343,786574;4426,092755;10441,00487;11560,46735;4866,77071;5392,955739;9974,0169;4701,308477;13515,67915;6474,026;8908,726819;5951,589427;14633,46124;8081,791831;8812,217543;5599,926126;13294,76303;7846,039412;2087,901088;1483,984172;2403,976092;2962,837122;3091,560205;2299,9037;2403,976092;4380,818011;3199,858842;2831,202007;2425,049344;9279,673136;4423,045515;12845,30026;11560,46735;5332,646542;5929,136029;13334,75263;8212,296813;9591,536252;3067,8195;3495,747073;4769,313738;4792,419062;9617,934438;1863,624324;866,4337477;2623,307942;2694,699534;2756,949388;2826,434564;3790,838171;1270,242055;11539,85091;8594,709259;1292,319242;1904,589473;1666,58781;5060,105215;3084,102187;3786,361046;12402,31188;7634,599551;2705,154317;2543,23574;226,6087845;145,783195;124,5562874;176,0781901;219,9720189;263,4738889;1719,063293;550,253726;455,8324815;259974,0006;708,6933768;219,9720189;219,9720189;11047,2691;13803,79945;2223,210088;225,1563956;5280,154299;1236,269822;1799,935257;3091,560205;5856,381671;3224,052;3525,960148;4351,142987;6539,682306;11685,72614;4993,338689;2781,835568;81,69874688;66,24596548;74,51052632;78,08974619;79,11316583;126,6949228
46;2166,503099;760,6507528;8677,661489;4541,288283;7821,731586;4076,651265;4080,38042;2168,625965;2168,625965;2756,381847;2692,873253;6589,941773;7293,140242;2994,075085;3324,022009;6410,584029;3032,874008;8635,855514;4168,065862;5693,398876;3817,357351;9295,886374;5200,616936;5587,172193;3560,713676;8416,889518;4976,9824;1325,343882;957,1643268;1525,79175;1887,006009;1968,795737;1458,8931;1525,79175;2725,931959;1999,97736;1811,312573;1512,40491;5906,964296;2694,507258;8039,306382;7234,227124;3260,71323;3624,27234;8694,497196;5208,496334;6321,380249;1925,466425;2183,117775;3027,711874;3042,21008;6337,944947;1206,555946;574,2420632;1691,854046;1737,288178;1776,147932;1820,877265;2307,015464;840,872946;7340,9644;5551,321475;826,9283186;1191,25683;1059,274477;3175,779798;1923,789288;2369,935221;8082,82008;4841,627899;1709,494107;1615,443419;159,9710929;103,3699413;85,06472727;123,4201704;153,9010714;186,9414545;1081,780401;359,620586;315,5763333;179982,0004;469,970928;153,9010714;153,9010714;7063,049991;8982,009;1464,756442;154,55483;3456,926785;764,7121957;1147,872589;1951,406557;3795,580562;1982,0405;2204,258672;2692,873253;4054,41808;7545,03592;3117,914332;1549,995911;58,79564583;46,53259192;52,91129032;56,54294118;56,7202445;90,4818797
47;2395,632468;894,7986667;9618,678633;4953,148699;8659,939746;4444,125347;4578,61183;2340,086872;2340,086872;3089,77863;2911,374583;7311,349833;8090,109311;3268,494446;3633,732667;7214,858825;3448,066416;9799,440891;4739,930172;6328,325023;4303,797762;10295,99315;5935,881979;6250,625621;3992,042697;9399,886665;5566,51829;1482,868372;1088,098919;1707,629708;2120,42672;2213,826478;1631,189319;1707,629708;3000,018062;2204,774988;2045,727693;1681,121057;6628,562329;2908,249072;8870,495418;7983,83753;3526,421197;3920,68302;9870,098563;5770,543269;7301,585097;2133,650881;2409,257638;3380,448183;3395,245723;7350,670567;1377,577554;669,9987994;1932,270893;1983,230402;2026,012852;2076,436933;2485,456509;980,8554011;8273,640529;6321,73303;932,5736297;1328,445609;1187,157014;3532,153593;2133,650881;2609,624927;9175,337571;5364,898074;1897,783798;1811,399333;200,7667222;129,2168536;103,968;152,4719714;190,1104615;234,2869535;1205,914153;416,1047353;371,1651429;183311,334;549,9372117;190,1104615;190,1104615;7931,739002;10258,3856;1696,8204;181,1755689;3978,03025;851,154473;1290,741345;2173,663892;4274,90316;2178,055;2438,899282;2919,217611;4395,698073;8505,145973;3394,184488;1654,901428;75,05120625;57,01327809;66,8336478;72,25177515;72,36023641;114,0850366
48;2169,29028;857,4341727;8701,249398;4449,571775;7835,158257;3992,62868;4199,057062;2074,89339;2074,89339;2835,927504;2578,519343;6612,517635;7316,241973;2936,62078;3268,494446;6685,335113;3203,843962;9068,922401;4395,698073;5739,294768;3911,378399;9403,891157;5475,548123;5718,18075;3658,012487;8581,241057;5088,308265;1356,533895;1011,951626;1560,810263;1946,072361;2034,133616;1490,336162;1560,810263;2707,572866;1989,029091;1894,439447;1522,371488;6082,348346;2579,749441;8030,723664;7224,39351;3132,612489;3483,451981;9099,074626;5211,134445;6843,577479;1935,357194;2178,23101;3078,377247;3090,659134;6984,386697;1286,059216;638,0513964;1812,317343;1859,019369;1897,524193;1943,553246;2199,379189;933,8173137;7648,866541;5891,998955;858,9829798;1207,011432;1087,427349;3203,843962;1936,751235;2351,298018;8459,124521;4845,281497;1715,826344;1657,461363;201,6660323;131,9577307;102,5745056;153,8500357;191,7458946;240,3667619;1103,427218;394,8939889;357,6293448;183311,334;525,7570776;191,7458946;191,7458946;7257,963676;9460,771381;1605,293295;168,9472187;3706,846009;769,5198065;1194,913599;1985,35955;3920,68302;1907,887261;2218,379876;2590,872913;3892,621657;7835,158257;3033,595156;1390,152442;78,54816168;57,17495692;69,75819951;75,61570776;76,26716553;117,8009422
49;2856,175283;1188,65217;11454,02372;5848,234642;10303,94208;5252,0643;5591,947102;2689,182515;2689,182515;3789,418795;3343,603266;8677,882413;9624,03134;3861,009799;4299,407236;8956,792525;4327,731745;12181,76142;5938,192134;7578,745714;5243,875344;12346,17324;7311,189665;7605,855631;4871,156152;11388,3875;6758,376237;1803,001905;1365,563113;2073,384758;2593,587734;2712,518666;1978,531177;2073,384758;3555,515306;2608,360986;2544,588893;2010,244058;8102,246012;3343,603266;10599,25332;9537,404742;4067,473158;4522,568021;12181,76142;6846,799039;9243,927651;2555,00276;2868,898665;4064,324657;4101,360825;9647,397289;1741,98024;881,5223291;2476,59369;2531,666705;2589,017927;2649,643384;2844,234972;1290,50765;10290,60545;7988,082045;1149,028608;1598,979522;1447,326257;4213,218171;2550,410304;3103,492191;11331,65889;6365,48104;2253,826286;2202,751432;293,990452;195,6909264;147,2177778;225,4086564;281,3192;358,8999024;1472,778006;546,3315317;501,8133333;228539,4297;731,3302744;281,3192;281,3192;9624,03134;12768,02;2205,876638;227,8884764;5112,744294;1013,996434;1600,809861;2630,325777;5146,042968;2468,1024;2925,572697;3350,739528;5047,415479;10425,54082;3958,089098;1807,21966;119,7857569;83,44580379;105,4090201;115,200176;118,0459978;176,753616
50;1781,345789;776,4099254;7130,162562;3652,04763;6410,767348;3281,339933;3516,149349;1655,668589;1655,668589;2395,632468;2057,453275;5388,745432;5988,949092;2412,75532;2689,407703;5677,503095;2755,821338;7724,494493;3771,135348;4781,728407;3222,492226;7775,562835;4585,74209;4779,927101;3063,897033;7138,146693;4241,067178;1133,566905;870,9926629;1300,206905;1631,189319;1707,629708;1240,533729;1300,206905;2204,774988;1617,418072;1617,418072;1253,457194;5091,924172;2059,420481;6656,828074;5988,949092;2510,859194;2792,06193;7681,09694;4243,247446;5848,44435;1595,246242;1783,180426;2530,843871;2585,917427;6292,600103;1113,297508;574,4089121;1600,149442;1636,394756;1670,105355;1707,771125;1746,841524;840,885348;6541,264259;5123,018841;725,3430315;1000,138276;909,6228281;2609,624927;1583,21182;1936,751235;7139,475229;3944,853438;1399,27377;1381,147464;203,0287959;136,9288998;99,88012088;156,3868774;194,2472745;253,44;931,7463042;357,9563436;333,1797097;137478,0009;480,2948667;194,2472745;194,2472745;6012,029927;8066,250254;1425,452021;143,4054587;3175,712259;625,2458235;1025,734548;1657,461363;3148,066988;1484,929615;1820,611734;2034,133616;3059,271763;6525,637528;2433,406423;1065,067842;86,54147209;57,5953876;74,96436782;82,89648993;87,14016293;125,3458258
51;1786,034311;801,4839711;7055,666358;3635,691681;6331,954859;3266,419415;3546,406295;1625,118518;1625,118518;2403,734817;2016,886887;5318,858653;5928,405144;2406,192913;2684,245454;5717,651874;2786,35569;7717,954084;3809,903375;4803,061208;3156,791157;7828,393682;4551,120117;4764,824292;3056,222967;7095,88191;4220,020732;1129,970954;880,4546432;1293,343129;1625,821267;1702,702105;1234,899668;1293,343129;2169,849918;1593,339714;1619,923216;1241,536131;5139,539076;2021,408737;6668,715325;6000,12029;2473,976049;2751,260029;7629,08004;4154,307445;5820,844665;1582,085381;1765,629501;2496,536023;2597,286915;6501,307549;1126,652485;592,5664597;1636,293584;1674,777698;1705,165493;1742,298567;1710,939156;867,0302369;6455,503865;4875,988555;725,5364917;992,8323079;906,3152647;2565,052384;1566,969477;1912,807728;7093,457954;3862,047419;1384,552944;1371,452037;224,5146843;151,7496183;107,5387826;171,5443948;215,1721885;284,1603077;937,9193802;372,8215218;340,0323636;133309,3344;500,2922672;215,1721885;215,1721885;5934,316124;8084,125868;1459,409812;145,8660845;3101,04608;614,5234723;1037,143678;1652,063574;3014,022084;1421,882733;1797,019899;1949,757171;2939,011563;6497,76121;2366,498487;1066,050376;98,54259152;63,12539326;87,11147541;94,70574055;102,0727378;141,1565522
52;1649,726207;755,9117755;6413,790608;3331,74761;5748,03072;2991,123137;3270,93662;1469,00514;1469,00514;2207,377292;1833,662659;4826,474312;5393,633803;2210,701312;2469,82333;5239,185255;2573,458037;7076,611996;3515,863689;4472,434903;2829,728138;7335,273829;4109,120189;4352,829895;2793,074862;6464,269275;3847,437036;1031,545411;815,3324392;1180,938797;1483,898383;1555,038568;1127,45822;1180,938797;1956,27074;1441,299745;1483,633208;1126,873122;4737,935002;1827,929612;6133,02698;5518,751153;2247,50008;2499,716366;6896,436033;3710,86582;5274,274342;1437,730676;1601,620271;2254,832656;2396,390275;6145,68915;1042,801667;558,4889503;1526,888187;1561,219589;1588,865702;1622,332921;1543,080666;817,0962575;5922,505881;4475,469574;664,3221185;902,9394353;821,1813267;2327,619143;1425,724849;1727,140167;6413,790608;3449,268667;1267,822998;1247,299721;225,026805;153,8551028;104,7875745;172,4941644;218,5306839;292,2454737;867,9569536;356,570753;319,2771429;133309,3344;477,3312413;218,5306839;218,5306839;5354,780694;7429,435469;1368,214809;136,0559936;2766,749274;553,1726769;961,3678349;1506,706325;2619,226286;1252,708545;1631,259414;1705,189908;2567,848217;5887,354409;2088,744216;965,42833;103,7255486;63,44302616;92,45;99,10110236;109,3289292;145,5734851
53;1783,233705;829,54644;6811,305649;3576,585787;6096,266475;3204,570447;3510,089262;1555,834167;1555,834167;2357,903556;1946,71139;5126,677199;5742,850122;2381,30524;2665,416366;5617,19601;2777,681082;7539,593468;3786,765276;4855,704277;2977,96966;7926,118159;4323,655137;4637,612268;2976,858733;6866,763066;4090,200944;1097,576089;879,539416;1257,735564;1578,861109;1654,808788;1201,0705;1257,735564;2058,532092;1522,514017;1579,469816;1193,800929;5085,259661;1936,460659;6575,803265;5916,831271;2395,064623;2664,380492;7313,400584;3878,300176;5559,519114;1523,888667;1694,046326;2374,690124;2582,554291;6758,262522;1123,486029;612,7451983;1653,563956;1688,624848;1718,518563;1753,659703;1631,082478;898,1376059;6315,483549;4773,138218;708,7206376;958,4614986;879,8334541;2464,956117;1521,999151;1828,131056;6797,967281;3604,643473;1365,175526;1322,193396;268,0222498;181,6064337;119,1773333;201,9879696;274,3737379;350,8963784;940,0559493;398,5229007;331,520359;127244,7288;531,0100579;260,7462436;260,7462436;5619,473189;7972,0245;1492,215802;152,3507624;2864,629743;578,3840061;1043,338298;1603,821752;2638,740167;1268,447496;1728,698782;1757,824046;2648,937465;6194,253722;2132,584547;1024,027061;126,9395102;74,44240401;114,7861386;121,0270142;136,3017167;175,2688581
54;1879,722928;887,8186299;7098,160681;3774,871911;6350,170148;3373,779723;3680,365944;1620,706038;1620,706038;2457,212991;2035,307303;5353,43966;6005,778249;2524,010703;2829,831541;5893,969126;2925,572697;7849,805879;3988,164183;5138,012035;3155,712298;8281,446568;4470,53322;4838,685505;3106,860924;7142,794878;4258,223853;1143,823932;929,227361;1312,728215;1646,532891;1724,457505;1253,680439;1312,728215;2124,452952;1577,816988;1641,793127;1239,051321;5333,574204;2017,830251;6879,484124;6188,880965;2512,225286;2794,945684;7645,57653;3989,174496;5744,009088;1581,875231;1754,336052;2449,877621;2727,665034;7260,65133;1181,251222;656,544043;1748,8621;1783,561948;1815,546596;1851,703866;1695,823373;963,9011772;6568,69885;4974,308958;739,676438;996,7248392;916,0812446;2550,410304;1588,411165;1900,966466;7107,705646;3708,133899;1446,916188;1370,461263;308,4563601;209,5231774;131,2001616;231,70018;320,3763516;413,0204444;1000,705847;437,0402245;332,3403636;123044,9252;578,1759376;298,6729072;298,6729072;5760,947885;8344,993911;1590,875813;167,5563797;2882,47764;590,9792934;1111,081143;1675,727295;2586,755698;1258,520981;1790,463942;1767,917268;2666,239905;6368,04;2118,656674;1068,645295;152,9625786;85,61052468;141,8056082;144,6611872;165,7829316;206,5181671
55;970,0073468;466,8197956;3645,025776;1967,043012;3259,519252;1754,746107;1894,901006;833,964465;833,964465;1254,508164;1050,95939;2758,093336;3095,13567;1321,744892;1483,555448;3043,25095;1517,888917;4017,894509;2070,205843;2647,828199;1613,903423;4244,79549;2285,59288;2484,223179;1595,446123;3656,410779;2181,270813;586,9726297;482,7179935;674,4246923;845,5936652;885,7040978;643,8384593;674,4246923;1080,974809;805,5201449;841,6930839;633,9203323;2746,157068;1038,538697;3523,935502;3170,123175;1303,259194;1450,004942;3905,298763;2015,93813;2929,561377;808,0892534;893,76745;1244,513312;1417,234242;3828,174906;607,9986829;345,5656833;909,8587526;926,627115;943,5266684;961,8427888;871,0678051;507,8550146;3294,50145;2465,476325;379,5197783;510,8186295;469,1002863;1295,355125;814,3518109;978,4280257;3631,65723;1873,593894;757,2982884;699,2444241;173,9123617;118,6994973;72,01791089;130,5735158;168,0035103;239,4578571;526,1527645;236,2549861;166,1144694;64267,71555;309,6391888;168,0035103;168,0035103;2895,592061;4308,941797;833,5615444;91,83340909;1429,001318;296,9427147;586,1609456;863,5806265;1246,109024;624,9831429;909,9223515;862,7182031;1303,647193;3242,894405;1047,164807;565,0405144;90,85725075;51,54883412;85,8360262;85,12155673;98,97659443;119,7505512
56;392,04;193,1856435;1479,552593;812,3640487;1324,013344;723,9523266;769,3233434;340,1444759;340,1444759;503,6710776;430,6329712;1125,80096;1261,450878;548,8216091;616,147964;1238,118759;621,9466598;1624,662861;846,7195747;1075,996224;660,9649847;1708,894889;922,6609652;1007,548842;647,1567208;1478,422177;882,5817086;238,3703787;197,9449356;273,5487471;343,163;359,3530182;261,0520368;273,5487471;435,0040048;324,8267822;341,0859796;256,8733958;1111,208476;423,9092138;1419,053667;1276,533972;536,02506;596,4386811;1552,681341;800,2638857;1185,900699;326,04924;359,6162623;499,9035203;581,5628806;1591,37026;245,8701466;143,4488906;374,5703346;381,0162562;388,0188492;395,3628924;354,7572059;211,1310904;1286,510742;944,3977524;153,6760154;206,7474242;189,6508743;522,3231589;329,2302894;397,1027911;1443,916646;743,6184319;312,306165;281,7004246;77,29438298;53,00253684;31,24695146;58,14065832;74,33032361;109,7830588;219,3689487;101,0438027;67,68369811;24992,00064;130,9559203;74,33032361;74,33032361;1150,76236;1761,920544;344,7790461;40,18128995;556,2032542;117,9133635;242,6904064;349,5067797;469,360489;245,227757;362,7567837;329,0314733;497,7206413;1299,201782;417,1173424;230,4461426;42,66181344;24,97655018;41,12786885;39,53898305;46,53498525;54,89542784
57;1599,075564;807,8705305;6082,339836;3407,093339;5451,863918;3035,253766;3155,590882;1408,847073;1408,847073;2038,366852;1791,588468;4661,354989;5208,817021;2314,620999;2596,086839;5092,268308;2572,819852;6606,115201;3500,437396;4428,690474;2714,434855;6984,326963;3780,636003;4136,11776;2657,033511;6051,384103;3614,939253;981,2677525;821,5208571;1122,580878;1410,390494;1476,819242;1071,017956;1122,580878;1775,044111;1325,811334;1405,377742;1055,735129;4523,341581;1757,187974;5764,893753;5184,479697;2233,431732;2485,490037;6130,547917;3189,328912;4887,479375;1331,706356;1464,441001;2035,979588;2414,11183;6677,960977;999,9860276;600,7764522;1564,046944;1589,705905;1618,685758;1648,611391;1467,22158;886,0105262;5139,450758;3799,584154;629,3072946;848,539742;775,7949124;2138,587274;1353,979893;1628,703622;5698,366792;2963,608101;1295,604307;1148,484126;346,2055322;239,0167981;137,3185714;261,6329624;332,9783595;510,0485455;929,2762673;438,0448004;286,4365714;99964,00324;560,5700901;332,9783595;332,9783595;4612,830027;7310,982876;1440,8396;180,5603634;2148,614339;473,1117763;1025,626035;1437,21505;1893,42839;975,5563551;1457,992834;1254,573681;1899,651271;5273,795533;1718,570645;900,3835815;203,1247072;123,8769197;197,5953488;185,9693878;167,2071429;254,559403
58;963,800121;499,3790289;3705,062855;2121,606183;3329,871891;1891,478213;1913,745881;866,6336621;866,6336621;1217,580921;1107,135803;2864,136503;3185,45915;1449,213392;1622,178015;3101,04608;1578,226062;3989,413806;2142,131462;2700,35362;1687,118908;4261,135733;2314,194588;2514,862364;1615,774581;3668,568242;2192,684884;599,9315037;504,6741052;682,0863529;858,4512791;899,2329231;650,8179715;682,0863529;1074,02686;801,4839711;859,1652875;644,8135485;2710,783741;1078,160239;3461,373875;3113,300802;1375,193515;1530,698147;3548,532121;1880,837505;3002,224011;805,5902596;883,1402584;1230,033335;1483,254549;4142,701227;597,0286491;372,1422041;969,6461196;985,2345359;1002,702837;1020,841218;901,5103353;550,1390118;3034,930584;2251,807634;381,3641544;517,4648312;469,7940128;1304,570701;823,5078906;987,6908682;3298,30248;1747,560473;790,8407111;693,4751174;227,0967207;159,258036;89,43353271;174,0980211;219,0182424;351,384;585,0645261;281,5515829;183,5925517;57118,85966;355,2875234;219,0182424;219,0182424;2734,67289;4470,414062;890,7915863;126,96;1220,928958;281,0413279;634,4743826;867,6919806;1135,54449;579,2538754;874,3639128;696,9205207;1057,214281;3159,069113;1083,14115;522,2146244;143,1022384;91,26315789;140,9178347;129,5833962;119,0935135;174,9663923
59;1316,606222;692,6002998;5073,345276;2970,119808;4571,18576;2653,095694;2606,518388;1202,055732;1202,055732;1633,643158;1541,768921;3950,792233;4374,757114;2040,041212;2277,170145;4249,789886;2175,448731;5418,604855;2949,183167;3707,068471;2289,810852;5897,990119;3206,93415;3440,071689;2210,324615;5002,995643;2991,844619;826,8576916;697,0429926;932,5971267;1174,734166;1230,969362;889,4766563;932,5971267;1461,72052;1090,69565;1182,952387;888,1382589;3636,808071;1473,775182;4674,877467;4203,36046;1896,53482;2111,097477;4623,660525;2502,914644;4176,179697;1096,219326;1197,866001;1674,565715;2048,453734;5768,634986;794,6485426;517,5812917;1354,259526;1375,939407;1399,373927;1424,174099;1249,140448;766,5429574;4017,221122;2991,861425;519,4202793;711,6626277;639,623366;1786,96256;1124,895578;1353,979893;4297,247617;2325,412303;1081,608416;943,1238422;335,2451704;238,1011621;131,0996147;260,6627025;324,1832371;545,2031613;831,0918517;407,3404631;265,08;78224,87371;506,2773455;324,1832371;324,1832371;3641,309765;6192,425722;1238,13969;202,8314185;1668,735535;374,812979;893,6207302;1185,432213;1537,632493;775,2104108;1194,611939;916,7211524;1392,798229;4270,295336;1539,00889;631,6464999;226,5638402;159,1387302;225,5248133;215,494964;238,4257708;270,5206953
60;1044,22985;567,902499;4109,920467;2457,212991;3709,008343;2199,634943;2100,316226;989,8314884;989,8314884;1298,5325;1274,318449;3215,49105;3549,893724;1694,891187;1887,05881;3453,91222;1774,010834;4351,620044;2407,12935;3008,464248;1864,498718;4815,215709;2634,407171;2787,544109;1791,390655;4042,731124;2418,483907;675,7005584;570,1554137;754,9527753;952,0159607;997,8496696;720,213116;754,9527753;1178,498963;879,4426912;963,2821556;725,8419762;2883,008575;1187,815057;3740,762975;3363,661131;1540,644372;1715,252883;3572,486433;1974,14567;3465,188083;883,7161968;962,4909308;1353,226383;1674,998715;4751,312115;628,9985852;425,5724422;1120,404103;1138,332299;1156,812632;1176,838626;1027,703955;632,0108118;3133,263867;2339,532289;418,7909053;580,7879194;515,7008609;1447,736553;908,8953228;1098,010521;3320,265767;1833,808858;876,8564335;760,4024079;290,0819406;210,3520801;113,9201441;231,271082;281,3192;501,8133333;700,9837021;349,2444811;227,0565161;61506,4657;427,2736763;281,3192;281,3192;2868,740903;5047,415479;1019,491877;195,4395451;1308,224541;295,980764;743,8996389;955,913521;1234,025025;613,5580903;982,8369744;741,2780599;1127,64109;3386,878299;1297,096294;445,7210908;213,096974;156,9487219;214,0050686;188,2087363;226,9125558;247,6384845
61;821,2302536;457,1688629;3272,389421;1991,424914;2951,423096;1786,990029;1663,345658;802,16088;799,7089388;1016,885771;1038,444292;2559,397876;2824,55445;1377,620831;1530,62515;2766,481318;1424,417118;3446,001829;1930,142058;2413,869752;1491,885807;3865,589845;2124,678771;2223,247057;1428,877905;3215,071286;1924,077317;543,5385704;458,8518429;601,8077629;759,2876334;795,7674118;574,1293792;601,8077629;935,0646329;699,1647594;770,4211586;584,2618953;2246,290213;941,7312459;2948,889146;2651,498987;1224,16871;1363,237875;2720,942301;1530,104883;2849,529373;701,0939559;761,0253185;1078,28449;1346,982982;3870,685752;502,6726303;343,6839655;911,5805163;925,9972162;940,4146449;956,320021;835,4122192;512,0701762;2380,062132;1795,974061;332,0081178;465,3206616;408,9804399;1152,306013;721,5257056;874,9187831;2528,687329;1420,960699;702,5761526;603,7943674;247,7617159;182,4025322;97,47580531;201,2431918;237,3908836;455,1646207;582,7152442;294,6401951;191,646;46638,67087;354,7132022;237,3908836;237,3908836;2221,805907;4030,019314;826,4088377;185,0452121;1030,386278;230,1145412;602,9414306;752,6302012;961,5973933;451,8608548;796,7371311;606,9416596;923,9394546;2623,589072;1080,648712;304,579946;197,4886003;147,7861545;199,6641975;171,7859155;207,4753222;223,2425601
62;684,2325685;389,8749707;2758,979279;1702,821164;2483,235467;1531,367748;1395,81616;688,5615499;682,7626138;846,6183825;898,1345802;2146,900777;2375,696085;1179,294583;1308,828879;2346,334014;1213,41187;2895,406165;1640,768067;2055,213342;1292,198968;3295,88555;1805,748929;1881,183744;1209,210376;2712,707285;1624,082086;463,0676045;391,339272;509,0753883;642,3998074;673,5423693;485,6181963;509,0753883;787,7246361;590,3880441;651,6856347;498,2836893;1858,693907;793,7233343;2469,269266;2219,713536;1025,090479;1141,844361;2203,156749;1255,298758;2504,283418;590,0380028;638,3668633;913,3505861;1148,807285;3357,704293;433,7318576;293,8610895;786,8467226;798,9245309;811,0630773;824,5573424;711,4414457;439,3134085;1926,918147;1458,640505;279,0261011;395,0048841;343,9540109;977,8743674;607,8876207;738,4774498;2047,116127;1165,600004;598,6702758;509,7357388;219,5113923;167,3536634;89,51708772;185,839761;211,0786364;438,6497143;514,1801496;263,5956687;171,827697;38209,29854;312,4257664;211,0786364;211,0786364;1823,5721;3395,102032;711,1907712;184,1470746;857,9437793;189,3092521;533,2017781;637,8585495;776,1848201;351,2600942;683,0715716;536,3413299;817,2614198;2140,744667;959,0200848;213,9408698;193,9899186;144,6720159;195,7647059;127,469215;200,9471264;213,5176756
63;566,2145815;329,9723949;2308,876658;1438,264927;2069,578903;1295,805586;1162,830205;586,4261679;576,6601262;702,3268367;771,9369282;1778,964487;1979,410778;995,7690638;1105,008087;1979,410778;1026,005926;2420,050773;1386,207878;1755,308453;1098,672714;2773,384687;1514,141074;1582,167701;1017,006291;2274,627003;1362,367368;392,1467358;331,855357;427,9560248;540,159837;566,2145815;408,1683271;427,9560248;659,5820184;495,9825802;546,0532898;422,2206848;1532,109142;665,3492535;2056,152431;1848,151803;847,751503;944,593531;1773,294442;1022,253945;2154,557133;493,4974974;532,1440153;770,4624715;979,655789;2884,435358;381,897493;253,0820997;674,8549021;684,6675869;695,0555129;706,5278592;41,06634441;374,1081454;1545,129433;1174,68187;232,8516423;333,1218726;287,3359873;823,5078906;508,1384862;618,4506048;1647,628145;948,9895279;509,1299203;428,1259489;194,8418182;152,179469;82,63115789;170,6038662;186,1116838;420,7684444;450,7430843;234,1581837;153,2865882;30745,23545;273,3677713;186,1116838;186,1116838;1486,099139;2826,406815;608,8053943;176,72;712,8437305;154,5877778;463,7040509;532,5870737;605,4894588;329,3491765;591,3033153;476,9134222;727,1304333;1717,737252;839,4761525;179,00449;189,1138512;138,8888889;189,0779661;159,9063696;193,1451885;202,9562672
64;380,4334885;226,432725;1569,072728;981,1929725;1400,049875;884,9789576;786,031081;405,0642623;393,7570827;474,3443837;538,0444129;1195,658977;1338,9118;678,7107072;753,7099143;1358,205649;704,4235365;1645,634642;950,8672483;1217,837011;754,9089759;1891,451565;1019,984699;1080,885327;694,8643424;1549,638982;928,3028273;269,7298896;228,3653053;292,1787154;369,0831724;386,876419;278,5686967;292,1787154;449,4630596;338,6628936;371,1451658;290,8832659;1027,616505;451,2891623;1391,39039;1250,562798;566,2129233;631,100872;1163,015971;677,6342343;1459,887322;335,2398492;360,3146523;528,9282129;684,252981;1993,662975;271,3903531;171,5436704;469,9207421;476,2750052;483,5813672;491,5294838;412,2547644;258,3670196;1026,282235;779,9738604;157,7060941;228,3854579;194,8708656;562,4477891;344,4403896;420,8452759;1080,438403;628,9557564;352,4368073;292,1787154;139,3110251;112,0937169;61,29586957;127,0229793;132,0434611;328,3878462;320,5852647;168,7431655;111,2014286;19130,9404;194,2467268;132,0434611;132,0434611;982,8593202;1880,776837;423,792841;134,0497515;480,225718;102,516113;327,8564798;360,5243244;374,3634127;282,27;428,1677449;348,0750585;530,9280878;1098,69785;597,3059694;114,3095288;149,4351752;110,183055;146,1150495;124,85926;150,6017987;156,704876
65;379,1338272;229,5914321;1580,0625;986,1356173;1405,180616;889,7797199;786,1856431;413,7692016;396,6985574;475,4475618;554,5566388;1193,52738;1343,214036;681,9953716;758,2780703;1380,631624;716,512825;1666,399941;966,2946939;1260,947013;777,0017351;1890,41799;1023,577723;1093,710762;703,1187482;1563,609971;936,8637845;274,4576471;232,6668339;295,2781299;373,5524587;391,5964525;281,3493439;295,2781299;454,1446493;342,4637132;373,6452307;296,5717345;1025,792587;450,5794862;1395,699179;1254,126139;557,4071352;621,5104608;1138,029852;668,139846;1431,974501;337,2572478;361,3265828;533,5535173;710,2238503;2017,123851;284,2803678;174,4643975;485,126605;491,1951368;498,8462561;507,0280582;416,1491908;263,8797768;1010,387602;765,2416041;158,0571877;231,6605845;195,6341959;568,0595768;347,4873611;423,4487385;1056,982802;619,9924919;361,6504532;295,2781299;148,9441684;121,9487088;68,10652174;139,8636688;139,6115119;0;337,0917921;179,8081537;117,7163014;17837,14846;204,4106657;139,6115119;139,6115119;962,1307016;1825,07265;437,4660708;149,7957377;482,7115628;100,4532249;343,1203025;360,4911369;0;313,6333333;479,9502249;386,750065;589,9200976;1023,937136;629,5046494;111,824599;174,345916;98,21207907;173,1192108;144,4105006;173,7175983;179,2032713
66;306,3406754;188,2959295;1290,581821;799,0926081;1145,762391;720,5409358;636,241136;341,7937878;322,9919106;386,5856383;461,6574756;969,5737969;1094,557359;553,171606;615,975245;1138,882359;589,8307917;1370,947209;795,1077601;1052,828625;648,1518539;1537,423293;836,3981297;896,2586985;576,1531455;1277,554629;765,6701328;225,5762432;191,8838467;241,3800175;306,1262454;320,9670186;229,8458739;241,3800175;371,9869352;280,1864878;305,4104346;244,2112665;833,964465;362,8751395;1133,407183;1018,228301;442,958094;494,132726;910,4965714;536,36747;1120,490267;274,7126482;293,4109244;431,4838585;596,8858584;1634,031411;240,6373258;143,5048889;405,2005064;409,8995231;416,3117115;423,082528;339,1997781;218,0074963;803,7162599;606,7393;128,1544106;189,5494812;158,946846;463,8379536;285,9719095;344,4403896;845,5688142;497,5620372;300,5006303;241,3800175;127,9528997;107,1352735;61,29586957;124,7497948;120,4131211;0;286,3820451;154,8407825;101,1050526;13414,84185;174,1158407;120,4131211;120,4131211;761,8647513;1415,177539;366,1700044;135,0733729;382,2025;79,71446383;291,8591532;287,0405753;0;0;528,2648249;348,0750585;530,9280878;759,3062925;537,0165102;91,27163227;164,7662689;119,0426284;162,0011278;135,2603477;162,0909018;165,9513928
67;367,2478788;228,4081064;1564,442745;955,6588886;1389,362992;860,336162;761,9349665;417,6163539;389,5005455;466,2698015;567,667827;1174,68187;1326,24167;663,2193939;739,6930896;1387,866706;718,7681774;1666,226045;967,8807372;1303,336581;810,6939212;1853,129743;1023,586937;1087,698768;699,2621634;1546,148021;926,7402005;274,1028876;234,2906788;291,9138932;371,424929;389,5716205;277,7984337;291,9138932;451,5505248;339,1539128;370,583414;297,3472558;1008,752824;432,312144;1358,433397;1220,154732;521,6194379;582,1758423;1090,95637;641,6261895;1287,685541;331,3617582;352,8755074;513,373108;740,9579052;1948,783829;301,0311434;174,4544293;499,1927551;504,5491838;512,3156748;520,4640819;409,0926744;266,3518725;962,744657;722,6936776;153,7476023;229,2493471;191,1371483;561,1270345;350,5313543;416,9848334;1012,945524;595,0764855;369,4223705;291,9138932;163,9766883;139,0158421;81,72782609;163,9766883;152,0044818;0;359,4565065;197,0390749;128,8467342;14433,84129;219,6059257;152,0044818;152,0044818;893,0975193;1619,923216;454,5792785;180,0978305;458,807487;93,29495861;0;674,2865592;0;0;839,4761525;464,100078;707,9041171;815,9195556;677,959586;103,3373151;233,4804858;158,3292311;225,4585921;187,5229824;223,9022416;227,7333397
68;110,1297003;69,13107692;474,7168695;284,944721;422,7003734;255,9128827;227,8751974;127,3585284;117,6491676;140,7457474;173,988824;357,9754777;403,0963693;198,5504182;221,7698972;423,5365406;218,9565098;508,1600323;294,3960795;400,4775096;247,9380725;554,9250906;312,0832783;329,9224045;212,1071722;467,7140017;280,3752844;83,06447445;71,47254947;88,13600983;112,5397376;118,111252;83,91079912;88,13600983;136,9854853;102,5202359;112,6509884;90,36340827;302,6828662;129,1593723;404,3249346;363,1006339;154,0486725;172,0340327;332,0963591;193,4994471;368,5768704;99,87522137;106,0661514;152,087209;228,8800677;580,6953183;93,93837048;52,9158091;152,9349824;154,4554971;156,7361893;159,1333744;123,4588348;81,24666293;289,5621474;215,8977948;46,05026364;69,18570162;57,40592398;169,3794954;107,2700775;127,0986264;308,3061265;179,4039512;113,3074414;88,13600983;51,79260952;44,96019832;27,2426087;51,79260952;48,23005594;0;112,4916048;62,51528822;41,1084878;3838,158006;69,20491261;48,23005594;48,23005594;261,4740846;446,5806545;141,249711;59,80436757;135,9443935;27,2426087;0;192,5810531;0;0;343,5393689;154,700026;235,968039;215,4105568;213,80165;28,4704192;80,14589259;54,25806452;79,38348624;64,940022;77,22814675;76,86894662
69;74,30469191;47,02440262;323,6251966;190,9865511;289,2189176;171,0837661;153,1824276;87,25852141;80,22231716;95,67675459;119,6472246;245,7980844;275,6427729;133,6902608;149,5305248;291,3543533;149,9019058;349,8971761;201,5122597;277,0960599;172,6824188;372,7446974;214,6712068;225,0938909;144,7104162;318,2926951;190,7712143;56,6050519;49,00870695;59,91187933;76,61529129;80,46000584;57,1004447;59,91187933;93,39549594;69,7619452;77,05017436;61,7463622;201,4979159;86,58998266;268,707734;241,2551936;102,8808652;114,9593283;230,0913177;132,129525;237,3065387;67,69681918;71,71095668;101,1809944;158,1865771;390,2192295;65,89573493;36,05029943;105,080322;106,0509255;107,5287947;109,0936134;84,04968421;55,67212085;195,928833;145,5592545;30,99071861;46,93637276;38,75140599;114,8134632;73,75831387;87,63283859;213,5799632;122,4727628;78,07024626;59,91187933;36,34843146;32,61999452;20,43195652;36,34843146;34,225;0;79,00766058;44,50343263;29,14172093;2266,731233;49,04872204;34,54578065;34,55656296;172,070969;277,8538481;98,87108036;44,26317245;90,58731953;17,83952486;0;123,9394299;0;0;321,538397;116,0250195;176,9760293;125,6473474;151,7857666;17,64104132;62,31898997;42,74932246;64,62765957;50,58948963;59,89686131;60,22617794
70;89,18165539;56,77449654;390,6847443;227,6530506;350,3070872;203,4921705;182,8871378;106,1264617;97,64802438;115,7121294;145,9501538;299,106687;334,014814;160,0918801;179,2550128;355,6803636;182,3790372;427,2924727;245,0676676;339,22009;209,7143973;444,7186249;258,0954187;272,9316001;175,4578103;384,9642849;230,6799687;68,64730968;59,69082563;72,53657715;92,59947788;97,30463108;69,25757053;72,53657715;113,0513043;84,55195289;93,39823236;75,11341455;234,8285468;102,9293351;315,0208763;282,7315937;122,8883176;137,4061607;283,3877678;160,6579204;272,1573983;81,52860738;86,16622517;119,6317796;193,2260793;468,3374739;82,20697951;43,58098541;128,3613021;129,4704363;131,1668763;132,9804525;102,1081167;67,71210875;230,9870492;172,22032;37,02054121;56,67717435;46,45195232;138,9949445;90,0323886;107,2700775;263,0066914;148,8664471;95,62075485;72,53657715;45,28213245;41,9515582;27,2426087;45,28213245;41,64622491;0;98,43458411;56,16545272;37,29982022;2317,588275;61,74701784;43,59405128;43,92290323;201,1175643;303,5778398;123,183679;57,71084845;107,2138386;20,69819522;0;141,9756247;0;0;462,6222353;154,700026;235,968039;127,3448244;0;18,41183592;0;60,55817833;95,75444015;70,04554985;82,17777778;82,57699115
71;160,5746537;102,7621373;703,7075381;407,6332094;632,4494698;363,837307;327,2250312;193,3362763;178,9712741;210,042603;266,5132408;542,5398488;604,0180017;287,781575;322,4984753;649,6535643;332,767478;779,3091082;446,5661457;625,027919;378,4471604;804,9780802;463,8618825;496,2650546;319,0003818;698,1917111;418,2209994;125,1513274;108,9890316;132,1709655;167,8215982;176,2720197;126,4525338;132,1709655;205,0404719;154,2641696;169,1039058;137,4550245;405,2046316;184,280072;550,3644396;493,7446438;221,4684995;247,7995296;519,1293211;292,4808923;469,7572744;147,1899779;155,2544568;212,3243184;351,990092;847,8184277;154,084375;78,87465959;235,5226612;237,429731;240,3774147;243,5498129;186,8015816;123,3496889;414,742313;309,7968856;66,22735481;101,5300962;83,4207006;254,1972529;164,1151548;196,688837;481,6720116;270,9102137;175,6305906;132,1709655;83,77818984;80,69759031;54,48521739;83,77818984;0;0;183,6235615;106,0315654;71,69252174;0;116,5848763;83,4134321;83,47403607;352,2607405;492,0625079;230,4895291;111,890935;190,1780956;0;0;0;0;0;0;309,400052;471,936078;0;0;27,77751404;0;130,3266927;0;145,3576143;170,5037903;169,7851251
72;72,29587534;46,54692054;314,9948048;182,8598493;283,3029337;163,1214295;146,2226416;87,92730042;82,22720724;95,36484958;121,4480006;244,079617;271,4063926;129,4791174;145,1794159;296,9305288;151,5899532;355,0204865;203,3805272;286,1698848;168,3208764;364,2052547;205,9762564;225,5093026;144,9466595;316,4050365;189,4755668;57,2024746;49,70040285;60,43579352;76,13392627;79,88250578;57,94062916;60,43579352;93,01592694;70,63537255;76,13603547;63,07495878;174,6443507;83,44324785;239,5893925;214,8509901;100,028996;112,001625;234,4021442;132,5584309;203,5368609;66,38868337;69,91171836;94,35380067;159,5366377;386,0904513;72,39198191;35,6086088;108,0511725;108,8652214;110,1583966;111,5515626;85,71422587;56,08721836;185,6466571;138,7313153;29,56657378;45,59941383;37,40276151;116,8437848;74,66144137;90,0323886;217,4484993;122,7347449;80,48142075;60,43579352;38,6418963;38,69895496;27,2426087;38,6418963;0;0;85,51811703;49,91035539;34,48526316;0;55,00009804;40,52477108;39,4869319;154,0748885;198,6890102;107,9459191;53,79846154;84,25479131;0;0;0;0;0;0;154,700026;235,968039;0;0;10,96254192;0;70,97112817;0;75,39230769;88,00694491;87,28820858
73;48,80950874;31,65635442;210,3201798;123,3298278;188,9652816;110,0375682;97,92164762;59,8974913;56,66089267;64,97198203;82,85879645;163,3820442;181,7826083;87,48739724;98,12673389;203,8331098;103,5712511;243,2055552;138,8498048;197,1106216;112,1311627;248,8145585;137,7738236;153,6454721;98,75024723;215,0569803;128,7027377;39,36637834;33,96159934;41,61311228;51,9431779;54,40243286;39,92122013;41,61311228;63,41396467;48,70056899;51,14880146;43,58035868;113,5401337;57,31499116;156,3843213;140,1607546;67,7310618;75,89848057;157,5962444;90,2443674;132,8746813;44,88400272;47,2064922;63,01856636;108,2080522;265,4281321;51,19202053;24,07307511;74,37249753;74,88756796;75,7512314;76,67475114;59,06805534;38,19929063;124,6740471;92,81759007;19,76180493;30,83003641;25,11841432;80,45255816;50,85558099;61,54318304;146,1581377;83,52209026;55,18508988;41,61311228;26,12973376;27,76176595;20,43195652;26,12973376;0;0;59,68385597;35,15203776;24,6000303;0;38,89079861;29,54911765;27,88119538;100,975098;119,8050251;75,92075448;38,45118761;55,92492217;0;0;0;0;0;0;116,0250195;176,9760293;0;0;6,635164974;0;58,63953488;0;58,60959981;59,14844024;58,25038372
74;29,32101121;19,15464141;124,3020922;74,04224105;111,4681046;66,10473639;58,23213287;36,2184555;34,69729149;39,35814663;50,15724826;96,62820839;107,7115118;52,57116325;58,96853862;124,4008647;62,8601472;148,3491846;84,22878152;117,8169826;67,31698572;152,273159;81,9210826;93,01448117;59,77262861;129,8819115;77,66575567;24,10335638;20,61050913;25,49619302;31,61313344;33,04274137;24,44886666;25,49619302;38,56604239;29,88513229;30,4865467;26,80056262;65,90917794;35,14892684;90,86486559;81,38930653;40,65700398;45,6004353;94,17137384;54,80352827;77,45749971;26,95117004;28,32370783;37,49762618;65,22847198;163,2340215;32,25090407;14,42307121;45,50976185;45,79752413;46,31604868;46,86292033;36,17595467;23,08813517;74,61168275;55,06485015;11,71627746;18,5459454;14,97040316;49,17220925;30,7325989;37,33072068;87,3055229;50,69714235;33,54600136;25,49619302;15,92666588;17,65605836;13,77185965;15,92666588;0;0;37,00176791;21,95748039;15,62347573;0;24,43392491;19,16250575;17,39973707;58,75187219;64,4579328;47,51808922;24,23228764;32,94777691;0;0;0;0;0;0;77,35001301;117,9840195;0;0;3,508087563;0;46,08;0;40,47013069;46,89870917;40,05099181
75;13,21294517;8,690957899;54,95220303;33,35899931;49,16782986;29,80070533;25,94618095;16,40278819;15,93032487;17,88499661;22,73794616;42,69914662;47,7046304;23,68921942;26,56897284;56,87514185;28,58573947;67,79800062;38,29869226;52,93942342;31,48265259;70,24208624;36,80892459;42,21405086;27,12258959;58,80010012;35,13180024;11,05730999;9,370228448;11,70291886;14,48515729;15,10894838;11,20567511;11,70291886;17,65884314;13,73778119;13,64294058;12,35490201;28,91087813;16,14076494;39,70455219;35,53884946;18,23037215;20,46762994;42,10273537;24,91098488;34,01687431;12,12674997;12,74099997;16,77439848;29,5317775;75,66468729;15,33500509;6,472543254;20,89101933;21,01158235;21,24657952;21,49064457;16,61226868;10,4494338;33,60769755;24,46908631;5,197838301;8,358809757;6,680107108;22,50809715;13,90046106;16,95186033;39,01976052;23,03251425;15,30234247;11,70291886;7,478771228;8,40015627;6,962557522;7,217268124;0;0;17,19831463;10,26723278;7,539962264;0;11,50807783;9,324955056;8,093074897;25,60347004;26,30791736;22,33070121;11,40833333;14,53516458;0;0;0;0;0;0;38,6750065;58,99200976;0;0;1,35287972;0;0;0;20,96363002;24,22818251;23,64904725
76;0;0;0;0;0;0;0;0;0;0;0;0;0;0;0;0;0;0;0;0;0;0;0;0;0;0;0;0;0;0;0;0;0;0;0;0;0;0;0;0;0;0;0;0;0;0;0;0;0;0;0;0;0;0;0;0;0;0;0;0;0;0;0;0;0;0;0;0;0;0;0;0;0;0;0;0;0;0;0;0;0;0;0;0;0;0;0;0;0;0;0;0;0;0;0;0;0;0;0;0;0;0;0;0;0;0;0
77;0;0;0;0;0;0;0;0;0;0;0;0;0;0;0;0;0;0;0;0;0;0;0;0;0;0;0;0;0;0;0;0;0;0;0;0;0;0;0;0;0;0;0;0;0;0;0;0;0;0;0;0;0;0;0;0;0;0;0;0;0;0;0;0;0;0;0;0;0;0;0;0;0;0;0;0;0;0;0;0;0;0;0;0;0;0;0;0;0;0;0;0;0;0;0;0;0;0;0;0;0;0;0;0;0;0;0
78;0;0;0;0;0;0;0;0;0;0;0;0;0;0;0;0;0;0;0;0;0;0;0;0;0;0;0;0;0;0;0;0;0;0;0;0;0;0;0;0;0;0;0;0;0;0;0;0;0;0;0;0;0;0;0;0;0;0;0;0;0;0;0;0;0;0;0;0;0;0;0;0;0;0;0;0;0;0;0;0;0;0;0;0;0;0;0;0;0;0;0;0;0;0;0;0;0;0;0;0;0;0;0;0;0;0;0
79;0;0;0;0;0;0;0;0;0;0;0;0;0;0;0;0;0;0;0;0;0;0;0;0;0;0;0;0;0;0;0;0;0;0;0;0;0;0;0;0;0;0;0;0;0;0;0;0;0;0;0;0;0;0;0;0;0;0;0;0;0;0;0;0;0;0;0;0;0;0;0;0;0;0;0;0;0;0;0;0;0;0;0;0;0;0;0;0;0;0;0;0;0;0;0;0;0;0;0;0;0;0;0;0;0;0;0
80;0;0;0;0;0;0;0;0;0;0;0;0;0;0;0;0;0;0;0;0;0;0;0;0;0;0;0;0;0;0;0;0;0;0;0;0;0;0;0;0;0;0;0;0;0;0;0;0;0;0;0;0;0;0;0;0;0;0;0;0;0;0;0;0;0;0;0;0;0;0;0;0;0;0;0;0;0;0;0;0;0;0;0;0;0;0;0;0;0;0;0;0;0;0;0;0;0;0;0;0;0;0;0;0;0;0;0
81;0;0;0;0;0;0;0;0;0;0;0;0;0;0;0;0;0;0;0;0;0;0;0;0;0;0;0;0;0;0;0;0;0;0;0;0;0;0;0;0;0;0;0;0;0;0;0;0;0;0;0;0;0;0;0;0;0;0;0;0;0;0;0;0;0;0;0;0;0;0;0;0;0;0;0;0;0;0;0;0;0;0;0;0;0;0;0;0;0;0;0;0;0;0;0;0;0;0;0;0;0;0;0;0;0;0;0
82;0;0;0;0;0;0;0;0;0;0;0;0;0;0;0;0;0;0;0;0;0;0;0;0;0;0;0;0;0;0;0;0;0;0;0;0;0;0;0;0;0;0;0;0;0;0;0;0;0;0;0;0;0;0;0;0;0;0;0;0;0;0;0;0;0;0;0;0;0;0;0;0;0;0;0;0;0;0;0;0;0;0;0;0;0;0;0;0;0;0;0;0;0;0;0;0;0;0;0;0;0;0;0;0;0;0;0
83;0;0;0;0;0;0;0;0;0;0;0;0;0;0;0;0;0;0;0;0;0;0;0;0;0;0;0;0;0;0;0;0;0;0;0;0;0;0;0;0;0;0;0;0;0;0;0;0;0;0;0;0;0;0;0;0;0;0;0;0;0;0;0;0;0;0;0;0;0;0;0;0;0;0;0;0;0;0;0;0;0;0;0;0;0;0;0;0;0;0;0;0;0;0;0;0;0;0;0;0;0;0;0;0;0;0;0
84;0;0;0;0;0;0;0;0;0;0;0;0;0;0;0;0;0;0;0;0;0;0;0;0;0;0;0;0;0;0;0;0;0;0;0;0;0;0;0;0;0;0;0;0;0;0;0;0;0;0;0;0;0;0;0;0;0;0;0;0;0;0;0;0;0;0;0;0;0;0;0;0;0;0;0;0;0;0;0;0;0;0;0;0;0;0;0;0;0;0;0;0;0;0;0;0;0;0;0;0;0;0;0;0;0;0;0
85;0;0;0;0;0;0;0;0;0;0;0;0;0;0;0;0;0;0;0;0;0;0;0;0;0;0;0;0;0;0;0;0;0;0;0;0;0;0;0;0;0;0;0;0;0;0;0;0;0;0;0;0;0;0;0;0;0;0;0;0;0;0;0;0;0;0;0;0;0;0;0;0;0;0;0;0;0;0;0;0;0;0;0;0;0;0;0;0;0;0;0;0;0;0;0;0;0;0;0;0;0;0;0;0;0;0;0
86;0;0;0;0;0;0;0;0;0;0;0;0;0;0;0;0;0;0;0;0;0;0;0;0;0;0;0;0;0;0;0;0;0;0;0;0;0;0;0;0;0;0;0;0;0;0;0;0;0;0;0;0;0;0;0;0;0;0;0;0;0;0;0;0;0;0;0;0;0;0;0;0;0;0;0;0;0;0;0;0;0;0;0;0;0;0;0;0;0;0;0;0;0;0;0;0;0;0;0;0;0;0;0;0;0;0;0
87;0;0;0;0;0;0;0;0;0;0;0;0;0;0;0;0;0;0;0;0;0;0;0;0;0;0;0;0;0;0;0;0;0;0;0;0;0;0;0;0;0;0;0;0;0;0;0;0;0;0;0;0;0;0;0;0;0;0;0;0;0;0;0;0;0;0;0;0;0;0;0;0;0;0;0;0;0;0;0;0;0;0;0;0;0;0;0;0;0;0;0;0;0;0;0;0;0;0;0;0;0;0;0;0;0;0;0
88;0;0;0;0;0;0;0;0;0;0;0;0;0;0;0;0;0;0;0;0;0;0;0;0;0;0;0;0;0;0;0;0;0;0;0;0;0;0;0;0;0;0;0;0;0;0;0;0;0;0;0;0;0;0;0;0;0;0;0;0;0;0;0;0;0;0;0;0;0;0;0;0;0;0;0;0;0;0;0;0;0;0;0;0;0;0;0;0;0;0;0;0;0;0;0;0;0;0;0;0;0;0;0;0;0;0;0
89;0;0;0;0;0;0;0;0;0;0;0;0;0;0;0;0;0;0;0;0;0;0;0;0;0;0;0;0;0;0;0;0;0;0;0;0;0;0;0;0;0;0;0;0;0;0;0;0;0;0;0;0;0;0;0;0;0;0;0;0;0;0;0;0;0;0;0;0;0;0;0;0;0;0;0;0;0;0;0;0;0;0;0;0;0;0;0;0;0;0;0;0;0;0;0;0;0;0;0;0;0;0;0;0;0;0;0
90;0;0;0;0;0;0;0;0;0;0;0;0;0;0;0;0;0;0;0;0;0;0;0;0;0;0;0;0;0;0;0;0;0;0;0;0;0;0;0;0;0;0;0;0;0;0;0;0;0;0;0;0;0;0;0;0;0;0;0;0;0;0;0;0;0;0;0;0;0;0;0;0;0;0;0;0;0;0;0;0;0;0;0;0;0;0;0;0;0;0;0;0;0;0;0;0;0;0;0;0;0;0;0;0;0;0;0
91;0;0;0;0;0;0;0;0;0;0;0;0;0;0;0;0;0;0;0;0;0;0;0;0;0;0;0;0;0;0;0;0;0;0;0;0;0;0;0;0;0;0;0;0;0;0;0;0;0;0;0;0;0;0;0;0;0;0;0;0;0;0;0;0;0;0;0;0;0;0;0;0;0;0;0;0;0;0;0;0;0;0;0;0;0;0;0;0;0;0;0;0;0;0;0;0;0;0;0;0;0;0;0;0;0;0;0
92;0;0;0;0;0;0;0;0;0;0;0;0;0;0;0;0;0;0;0;0;0;0;0;0;0;0;0;0;0;0;0;0;0;0;0;0;0;0;0;0;0;0;0;0;0;0;0;0;0;0;0;0;0;0;0;0;0;0;0;0;0;0;0;0;0;0;0;0;0;0;0;0;0;0;0;0;0;0;0;0;0;0;0;0;0;0;0;0;0;0;0;0;0;0;0;0;0;0;0;0;0;0;0;0;0;0;0
93;0;0;0;0;0;0;0;0;0;0;0;0;0;0;0;0;0;0;0;0;0;0;0;0;0;0;0;0;0;0;0;0;0;0;0;0;0;0;0;0;0;0;0;0;0;0;0;0;0;0;0;0;0;0;0;0;0;0;0;0;0;0;0;0;0;0;0;0;0;0;0;0;0;0;0;0;0;0;0;0;0;0;0;0;0;0;0;0;0;0;0;0;0;0;0;0;0;0;0;0;0;0;0;0;0;0;0
94;0;0;0;0;0;0;0;0;0;0;0;0;0;0;0;0;0;0;0;0;0;0;0;0;0;0;0;0;0;0;0;0;0;0;0;0;0;0;0;0;0;0;0;0;0;0;0;0;0;0;0;0;0;0;0;0;0;0;0;0;0;0;0;0;0;0;0;0;0;0;0;0;0;0;0;0;0;0;0;0;0;0;0;0;0;0;0;0;0;0;0;0;0;0;0;0;0;0;0;0;0;0;0;0;0;0;0
95;0;0;0;0;0;0;0;0;0;0;0;0;0;0;0;0;0;0;0;0;0;0;0;0;0;0;0;0;0;0;0;0;0;0;0;0;0;0;0;0;0;0;0;0;0;0;0;0;0;0;0;0;0;0;0;0;0;0;0;0;0;0;0;0;0;0;0;0;0;0;0;0;0;0;0;0;0;0;0;0;0;0;0;0;0;0;0;0;0;0;0;0;0;0;0;0;0;0;0;0;0;0;0;0;0;0;0
96;0;0;0;0;0;0;0;0;0;0;0;0;0;0;0;0;0;0;0;0;0;0;0;0;0;0;0;0;0;0;0;0;0;0;0;0;0;0;0;0;0;0;0;0;0;0;0;0;0;0;0;0;0;0;0;0;0;0;0;0;0;0;0;0;0;0;0;0;0;0;0;0;0;0;0;0;0;0;0;0;0;0;0;0;0;0;0;0;0;0;0;0;0;0;0;0;0;0;0;0;0;0;0;0;0;0;0
97;0;0;0;0;0;0;0;0;0;0;0;0;0;0;0;0;0;0;0;0;0;0;0;0;0;0;0;0;0;0;0;0;0;0;0;0;0;0;0;0;0;0;0;0;0;0;0;0;0;0;0;0;0;0;0;0;0;0;0;0;0;0;0;0;0;0;0;0;0;0;0;0;0;0;0;0;0;0;0;0;0;0;0;0;0;0;0;0;0;0;0;0;0;0;0;0;0;0;0;0;0;0;0;0;0;0;0
98;0;0;0;0;0;0;0;0;0;0;0;0;0;0;0;0;0;0;0;0;0;0;0;0;0;0;0;0;0;0;0;0;0;0;0;0;0;0;0;0;0;0;0;0;0;0;0;0;0;0;0;0;0;0;0;0;0;0;0;0;0;0;0;0;0;0;0;0;0;0;0;0;0;0;0;0;0;0;0;0;0;0;0;0;0;0;0;0;0;0;0;0;0;0;0;0;0;0;0;0;0;0;0;0;0;0;0
99;0;0;0;0;0;0;0;0;0;0;0;0;0;0;0;0;0;0;0;0;0;0;0;0;0;0;0;0;0;0;0;0;0;0;0;0;0;0;0;0;0;0;0;0;0;0;0;0;0;0;0;0;0;0;0;0;0;0;0;0;0;0;0;0;0;0;0;0;0;0;0;0;0;0;0;0;0;0;0;0;0;0;0;0;0;0;0;0;0;0;0;0;0;0;0;0;0;0;0;0;0;0;0;0;0;0;0
100;0;0;0;0;0;0;0;0;0;0;0;0;0;0;0;0;0;0;0;0;0;0;0;0;0;0;0;0;0;0;0;0;0;0;0;0;0;0;0;0;0;0;0;0;0;0;0;0;0;0;0;0;0;0;0;0;0;0;0;0;0;0;0;0;0;0;0;0;0;0;0;0;0;0;0;0;0;0;0;0;0;0;0;0;0;0;0;0;0;0;0;0;0;0;0;0;0;0;0;0;0;0;0;0;0;0;0
101;0;0;0;0;0;0;0;0;0;0;0;0;0;0;0;0;0;0;0;0;0;0;0;0;0;0;0;0;0;0;0;0;0;0;0;0;0;0;0;0;0;0;0;0;0;0;0;0;0;0;0;0;0;0;0;0;0;0;0;0;0;0;0;0;0;0;0;0;0;0;0;0;0;0;0;0;0;0;0;0;0;0;0;0;0;0;0;0;0;0;0;0;0;0;0;0;0;0;0;0;0;0;0;0;0;0;0
102;0;0;0;0;0;0;0;0;0;0;0;0;0;0;0;0;0;0;0;0;0;0;0;0;0;0;0;0;0;0;0;0;0;0;0;0;0;0;0;0;0;0;0;0;0;0;0;0;0;0;0;0;0;0;0;0;0;0;0;0;0;0;0;0;0;0;0;0;0;0;0;0;0;0;0;0;0;0;0;0;0;0;0;0;0;0;0;0;0;0;0;0;0;0;0;0;0;0;0;0;0;0;0;0;0;0;0
103;0;0;0;0;0;0;0;0;0;0;0;0;0;0;0;0;0;0;0;0;0;0;0;0;0;0;0;0;0;0;0;0;0;0;0;0;0;0;0;0;0;0;0;0;0;0;0;0;0;0;0;0;0;0;0;0;0;0;0;0;0;0;0;0;0;0;0;0;0;0;0;0;0;0;0;0;0;0;0;0;0;0;0;0;0;0;0;0;0;0;0;0;0;0;0;0;0;0;0;0;0;0;0;0;0;0;0
104;0;0;0;0;0;0;0;0;0;0;0;0;0;0;0;0;0;0;0;0;0;0;0;0;0;0;0;0;0;0;0;0;0;0;0;0;0;0;0;0;0;0;0;0;0;0;0;0;0;0;0;0;0;0;0;0;0;0;0;0;0;0;0;0;0;0;0;0;0;0;0;0;0;0;0;0;0;0;0;0;0;0;0;0;0;0;0;0;0;0;0;0;0;0;0;0;0;0;0;0;0;0;0;0;0;0;0
105;0;0;0;0;0;0;0;0;0;0;0;0;0;0;0;0;0;0;0;0;0;0;0;0;0;0;0;0;0;0;0;0;0;0;0;0;0;0;0;0;0;0;0;0;0;0;0;0;0;0;0;0;0;0;0;0;0;0;0;0;0;0;0;0;0;0;0;0;0;0;0;0;0;0;0;0;0;0;0;0;0;0;0;0;0;0;0;0;0;0;0;0;0;0;0;0;0;0;0;0;0;0;0;0;0;0;0
106;0;0;0;0;0;0;0;0;0;0;0;0;0;0;0;0;0;0;0;0;0;0;0;0;0;0;0;0;0;0;0;0;0;0;0;0;0;0;0;0;0;0;0;0;0;0;0;0;0;0;0;0;0;0;0;0;0;0;0;0;0;0;0;0;0;0;0;0;0;0;0;0;0;0;0;0;0;0;0;0;0;0;0;0;0;0;0;0;0;0;0;0;0;0;0;0;0;0;0;0;0;0;0;0;0;0;0
107;0;0;0;0;0;0;0;0;0;0;0;0;0;0;0;0;0;0;0;0;0;0;0;0;0;0;0;0;0;0;0;0;0;0;0;0;0;0;0;0;0;0;0;0;0;0;0;0;0;0;0;0;0;0;0;0;0;0;0;0;0;0;0;0;0;0;0;0;0;0;0;0;0;0;0;0;0;0;0;0;0;0;0;0;0;0;0;0;0;0;0;0;0;0;0;0;0;0;0;0;0;0;0;0;0;0;0
108;0;0;0;0;0;0;0;0;0;0;0;0;0;0;0;0;0;0;0;0;0;0;0;0;0;0;0;0;0;0;0;0;0;0;0;0;0;0;0;0;0;0;0;0;0;0;0;0;0;0;0;0;0;0;0;0;0;0;0;0;0;0;0;0;0;0;0;0;0;0;0;0;0;0;0;0;0;0;0;0;0;0;0;0;0;0;0;0;0;0;0;0;0;0;0;0;0;0;0;0;0;0;0;0;0;0;0
109;0;0;0;0;0;0;0;0;0;0;0;0;0;0;0;0;0;0;0;0;0;0;0;0;0;0;0;0;0;0;0;0;0;0;0;0;0;0;0;0;0;0;0;0;0;0;0;0;0;0;0;0;0;0;0;0;0;0;0;0;0;0;0;0;0;0;0;0;0;0;0;0;0;0;0;0;0;0;0;0;0;0;0;0;0;0;0;0;0;0;0;0;0;0;0;0;0;0;0;0;0;0;0;0;0;0;0
110;0;0;0;0;0;0;0;0;0;0;0;0;0;0;0;0;0;0;0;0;0;0;0;0;0;0;0;0;0;0;0;0;0;0;0;0;0;0;0;0;0;0;0;0;0;0;0;0;0;0;0;0;0;0;0;0;0;0;0;0;0;0;0;0;0;0;0;0;0;0;0;0;0;0;0;0;0;0;0;0;0;0;0;0;0;0;0;0;0;0;0;0;0;0;0;0;0;0;0;0;0;0;0;0;0;0;0
111;0;0;0;0;0;0;0;0;0;0;0;0;0;0;0;0;0;0;0;0;0;0;0;0;0;0;0;0;0;0;0;0;0;0;0;0;0;0;0;0;0;0;0;0;0;0;0;0;0;0;0;0;0;0;0;0;0;0;0;0;0;0;0;0;0;0;0;0;0;0;0;0;0;0;0;0;0;0;0;0;0;0;0;0;0;0;0;0;0;0;0;0;0;0;0;0;0;0;0;0;0;0;0;0;0;0;0
112;0;0;0;0;0;0;0;0;0;0;0;0;0;0;0;0;0;0;0;0;0;0;0;0;0;0;0;0;0;0;0;0;0;0;0;0;0;0;0;0;0;0;0;0;0;0;0;0;0;0;0;0;0;0;0;0;0;0;0;0;0;0;0;0;0;0;0;0;0;0;0;0;0;0;0;0;0;0;0;0;0;0;0;0;0;0;0;0;0;0;0;0;0;0;0;0;0;0;0;0;0;0;0;0;0;0;0
113;0;0;0;0;0;0;0;0;0;0;0;0;0;0;0;0;0;0;0;0;0;0;0;0;0;0;0;0;0;0;0;0;0;0;0;0;0;0;0;0;0;0;0;0;0;0;0;0;0;0;0;0;0;0;0;0;0;0;0;0;0;0;0;0;0;0;0;0;0;0;0;0;0;0;0;0;0;0;0;0;0;0;0;0;0;0;0;0;0;0;0;0;0;0;0;0;0;0;0;0;0;0;0;0;0;0;0
114;0;0;0;0;0;0;0;0;0;0;0;0;0;0;0;0;0;0;0;0;0;0;0;0;0;0;0;0;0;0;0;0;0;0;0;0;0;0;0;0;0;0;0;0;0;0;0;0;0;0;0;0;0;0;0;0;0;0;0;0;0;0;0;0;0;0;0;0;0;0;0;0;0;0;0;0;0;0;0;0;0;0;0;0;0;0;0;0;0;0;0;0;0;0;0;0;0;0;0;0;0;0;0;0;0;0;0
115;0;0;0;0;0;0;0;0;0;0;0;0;0;0;0;0;0;0;0;0;0;0;0;0;0;0;0;0;0;0;0;0;0;0;0;0;0;0;0;0;0;0;0;0;0;0;0;0;0;0;0;0;0;0;0;0;0;0;0;0;0;0;0;0;0;0;0;0;0;0;0;0;0;0;0;0;0;0;0;0;0;0;0;0;0;0;0;0;0;0;0;0;0;0;0;0;0;0;0;0;0;0;0;0;0;0;0
116;0;0;0;0;0;0;0;0;0;0;0;0;0;0;0;0;0;0;0;0;0;0;0;0;0;0;0;0;0;0;0;0;0;0;0;0;0;0;0;0;0;0;0;0;0;0;0;0;0;0;0;0;0;0;0;0;0;0;0;0;0;0;0;0;0;0;0;0;0;0;0;0;0;0;0;0;0;0;0;0;0;0;0;0;0;0;0;0;0;0;0;0;0;0;0;0;0;0;0;0;0;0;0;0;0;0;0
117;0;0;0;0;0;0;0;0;0;0;0;0;0;0;0;0;0;0;0;0;0;0;0;0;0;0;0;0;0;0;0;0;0;0;0;0;0;0;0;0;0;0;0;0;0;0;0;0;0;0;0;0;0;0;0;0;0;0;0;0;0;0;0;0;0;0;0;0;0;0;0;0;0;0;0;0;0;0;0;0;0;0;0;0;0;0;0;0;0;0;0;0;0;0;0;0;0;0;0;0;0;0;0;0;0;0;0
118;0;0;0;0;0;0;0;0;0;0;0;0;0;0;0;0;0;0;0;0;0;0;0;0;0;0;0;0;0;0;0;0;0;0;0;0;0;0;0;0;0;0;0;0;0;0;0;0;0;0;0;0;0;0;0;0;0;0;0;0;0;0;0;0;0;0;0;0;0;0;0;0;0;0;0;0;0;0;0;0;0;0;0;0;0;0;0;0;0;0;0;0;0;0;0;0;0;0;0;0;0;0;0;0;0;0;0
119;0;0;0;0;0;0;0;0;0;0;0;0;0;0;0;0;0;0;0;0;0;0;0;0;0;0;0;0;0;0;0;0;0;0;0;0;0;0;0;0;0;0;0;0;0;0;0;0;0;0;0;0;0;0;0;0;0;0;0;0;0;0;0;0;0;0;0;0;0;0;0;0;0;0;0;0;0;0;0;0;0;0;0;0;0;0;0;0;0;0;0;0;0;0;0;0;0;0;0;0;0;0;0;0;0;0;0
120;0;0;0;0;0;0;0;0;0;0;0;0;0;0;0;0;0;0;0;0;0;0;0;0;0;0;0;0;0;0;0;0;0;0;0;0;0;0;0;0;0;0;0;0;0;0;0;0;0;0;0;0;0;0;0;0;0;0;0;0;0;0;0;0;0;0;0;0;0;0;0;0;0;0;0;0;0;0;0;0;0;0;0;0;0;0;0;0;0;0;0;0;0;0;0;0;0;0;0;0;0;0;0;0;0;0;0
121;0;0;0;0;0;0;0;0;0;0;0;0;0;0;0;0;0;0;0;0;0;0;0;0;0;0;0;0;0;0;0;0;0;0;0;0;0;0;0;0;0;0;0;0;0;0;0;0;0;0;0;0;0;0;0;0;0;0;0;0;0;0;0;0;0;0;0;0;0;0;0;0;0;0;0;0;0;0;0;0;0;0;0;0;0;0;0;0;0;0;0;0;0;0;0;0;0;0;0;0;0;0;0;0;0;0;0
122;0;0;0;0;0;0;0;0;0;0;0;0;0;0;0;0;0;0;0;0;0;0;0;0;0;0;0;0;0;0;0;0;0;0;0;0;0;0;0;0;0;0;0;0;0;0;0;0;0;0;0;0;0;0;0;0;0;0;0;0;0;0;0;0;0;0;0;0;0;0;0;0;0;0;0;0;0;0;0;0;0;0;0;0;0;0;0;0;0;0;0;0;0;0;0;0;0;0;0;0;0;0;0;0;0;0;0
123;0;0;0;0;0;0;0;0;0;0;0;0;0;0;0;0;0;0;0;0;0;0;0;0;0;0;0;0;0;0;0;0;0;0;0;0;0;0;0;0;0;0;0;0;0;0;0;0;0;0;0;0;0;0;0;0;0;0;0;0;0;0;0;0;0;0;0;0;0;0;0;0;0;0;0;0;0;0;0;0;0;0;0;0;0;0;0;0;0;0;0;0;0;0;0;0;0;0;0;0;0;0;0;0;0;0;0
124;0;0;0;0;0;0;0;0;0;0;0;0;0;0;0;0;0;0;0;0;0;0;0;0;0;0;0;0;0;0;0;0;0;0;0;0;0;0;0;0;0;0;0;0;0;0;0;0;0;0;0;0;0;0;0;0;0;0;0;0;0;0;0;0;0;0;0;0;0;0;0;0;0;0;0;0;0;0;0;0;0;0;0;0;0;0;0;0;0;0;0;0;0;0;0;0;0;0;0;0;0;0;0;0;0;0;0
125;0;0;0;0;0;0;0;0;0;0;0;0;0;0;0;0;0;0;0;0;0;0;0;0;0;0;0;0;0;0;0;0;0;0;0;0;0;0;0;0;0;0;0;0;0;0;0;0;0;0;0;0;0;0;0;0;0;0;0;0;0;0;0;0;0;0;0;0;0;0;0;0;0;0;0;0;0;0;0;0;0;0;0;0;0;0;0;0;0;0;0;0;0;0;0;0;0;0;0;0;0;0;0;0;0;0;0
126;0;0;0;0;0;0;0;0;0;0;0;0;0;0;0;0;0;0;0;0;0;0;0;0;0;0;0;0;0;0;0;0;0;0;0;0;0;0;0;0;0;0;0;0;0;0;0;0;0;0;0;0;0;0;0;0;0;0;0;0;0;0;0;0;0;0;0;0;0;0;0;0;0;0;0;0;0;0;0;0;0;0;0;0;0;0;0;0;0;0;0;0;0;0;0;0;0;0;0;0;0;0;0;0;0;0;0
Total;340995,1231;66848,55669;1169660,669;705222,4844;1049534,168;630966,7978;626086,2715;407622,9307;407479,099;459330,7574;506325,1572;918907,6338;1022810,958;520602,0605;580915,9058;959796,7932;372860,36;1225066,445;511005,2524;879126,6347;449212,3068;1284272,902;638049,9417;863184,2435;453739,814;1226345,876;616539,1528;187734,4328;126269,278;213229,3412;236838,8606;241574,7518;208110,8942;213229,3412;447917,7357;378926,0724;255518,7996;272582,496;903844,2202;505287,8768;1241350,045;1117392,03;606799,716;674216,3741;1206487,44;618723,3332;744676,7627;300109,0989;349689,977;366339,8375;371670,8548;763895,6985;158524,1568;54550,314;217945,0394;222791,3221;229370,9405;236391,2757;420592,7713;80789,39498;1359054,498;844192,0292;111504,884;200974,9013;162336,7033;431735,6969;341452,2838;382257,2816;1122090,625;575196,7579;287767,9009;240739,935;11900,33097;7639,772832;6466,648897;9629,6049;11336,46178;12204,59478;81124,85585;27903,69468;23323,01063;14970131,48;49386,71394;11485,37423;11480,07406;799467,819;878204,4385;136940,0468;11831,62183;337795,3088;91620,33624;241857,5499;442395,3719;420794,4227;947521,8883;699870,97;277953,2985;417981,1168;765763,7856;612307,1174;447394,6523;5400,885909;4463,025259;5183,02042;5287,919329;5878,987968;7815,606311
